TagID;Calcium;Sodium;Sulphate;Arsenic;Lead;Toluene;Aldicarb;Gross Beta;Beryllium;Selenium;"Dissolved
Solids";Bromate;1,1-DCA;trans-1,2-Dichloropropene;Styrene
IR-0001;0.1;0.7;0.21;0.0019;0.012;0.2508;0.0047;26;0.0008;0.0032;7;0.008;0.0016;0.0043;0.0458
IR-0002;1.14;0.52;0.35;0.002;0.005;0.9871;0.0033;17;0.0005;0.0013;5;0.009;0.0018;0.0014;0.0895
IR-0003;0.98;0.34;0.88;0.0088;0.006;0.3112;0.0035;48;0.0028;0.0024;3;0.009;0.0046;0.0009;0.0174
IR-0004;0.8;0.62;0.68;0.0016;0.005;0.5713;0.0051;47;0.0017;0.0009;1;0.008;0.0045;0.0016;0.031
IR-0005;1.13;0.24;0.41;0.0086;0.006;0.0462;0.0054;48;0.0012;0.002;5;0.007;0.0037;0.0008;0.0151
IR-0006;1.14;0.81;0.11;0.0092;0.013;0.1744;0.0038;36;0.0028;0.0026;2;0.005;0.0029;0.0028;0.0674
IR-0007;0.17;0.53;0.96;0.0015;0.009;0.0334;0.0043;33;0.0006;0.0022;5;0.007;0.0023;0.0005;0.0176
IR-0008;0.59;0.39;0.53;0.0066;0.009;0.8863;0.005;48;0.0017;0.0016;6;0.009;0.002;0.0034;0.0595
IR-0009;0.65;0.57;0.81;0.0053;0.008;0.9095;0.0032;9;0.0016;0.0019;6;0.007;0.0023;0.001;0.0463
IR-0010;0.35;0.39;0.13;0.0046;0.013;0.3781;0.0036;44;0.0028;0.001;7;0.005;0.0025;0.0018;0.0486
IR-0011;0.59;0.73;0.39;0.0099;0.006;0.2882;0.0035;36;0.0024;0.0028;7;0.009;0.0013;0.0044;0.0622
IR-0012;0.85;0.2;0.21;0.0023;0.009;0.6279;0.0052;37;0.0008;0.0024;4;0.005;0.003;0.0049;0.0209
IR-0013;0.69;0.31;0.83;0.0045;0.006;0.538;0.004;22;0.0032;0.0015;3;0.005;0.0039;0.0042;0.0203
IR-0014;0.77;0.28;0.32;0.005;0.014;0.31;0.0031;11;0.0005;0.0023;1;0.009;0.0013;0.0023;0.0802
IR-0015;0.16;0.55;0.56;0.0074;0.008;0.979;0.0047;34;0.0024;0.0005;4;0.006;0.0019;0.0033;0.0231
IR-0016;0.34;0.21;0.51;0.0055;0.014;0.0017;0.0031;10;0.003;0.0018;5;0.006;0.004;0.0019;0.0325
IR-0017;0.18;0.56;0.38;0.0089;0.009;0.0896;0.0043;8;0.0007;0.0029;4;0.007;0.0011;0.0038;0.028
IR-0018;0.43;0.8;0.73;0.0033;0.009;0.6301;0.0035;8;0.0021;0.0005;5;0.005;0.0029;0.0045;0.0878
IR-0019;1.17;0.58;0.35;0.0029;0.005;0.8003;0.0045;29;0.0025;0.0018;7;0.009;0.0031;0.0025;0.0919
IR-0020;1.14;0.68;0.58;0.0086;0.008;0.2366;0.0033;25;0.0013;0.0031;7;0.006;0.0038;0.0026;0.0046
IR-0021;0.9;0.78;0.64;0.0019;0.012;0.0012;0.0048;46;0.0014;0.0022;3;0.008;0.0039;0.0013;0.0888
IR-0022;0.69;0.63;0.7;0.0085;0.01;0.3027;0.0036;13;0.0033;0.0013;1;0.009;0.0039;0.0028;0.0587
IR-0023;0.25;0.83;0.75;0.0038;0.01;0.5067;0.0033;19;0.0013;0.0017;3;0.009;0.0041;0.0019;0.0997
IR-0024;0.86;0.27;0.61;0.0019;0.009;0.622;0.005;47;0.0032;0.0028;6;0.005;0.0037;0.0039;0.0988
IR-0025;0.23;0.45;0.91;0.0091;0.012;0.4553;0.0036;27;0.0037;0.0039;5;0.005;0.0029;0.0044;0.054
IR-0026;0.22;0.31;0.49;0.0022;0.011;0.1772;0.0053;8;0.0008;0.0035;2;0.008;0.0044;0.0042;0.0012
IR-0027;1.04;0.83;0.32;0.0014;0.013;0.7494;0.0043;49;0.001;0.0027;3;0.007;0.0012;0.0042;0.0547
IR-0028;1.09;0.3;0.16;0.0096;0.009;0.6408;0.0045;16;0.0028;0.003;6;0.009;0.0045;0.0048;0.065
IR-0029;1.09;0.46;0.65;0.0068;0.005;0.2602;0.004;9;0.0005;0.0007;7;0.009;0.0043;0.0028;0.0506
IR-0030;0.54;0.62;0.4;0.0015;0.011;0.816;0.0039;28;0.0016;0.0018;7;0.007;0.0025;0.0039;0.0014
IR-0031;0.67;0.4;0.51;0.0054;0.013;0.6239;0.0051;12;0.0024;0.003;7;0.005;0.0015;0.0009;0.0153
IR-0032;1.1;0.49;0.49;0.0024;0.012;0.8569;0.0051;43;0.0031;0.0031;8;0.007;0.0017;0.004;0.0947
IR-0033;0.18;0.31;0.7;0.0031;0.005;0.284;0.0051;32;0.0022;0.0034;7;0.008;0.0026;0.003;0.0173
IR-0034;0.78;0.6;0.16;0.0087;0.01;0.3999;0.0031;12;0.001;0.0038;8;0.006;0.0008;0.0027;0.0163
IR-0035;1.01;0.75;0.39;0.0085;0.005;0.1405;0.0042;49;0.0011;0.0031;4;0.005;0.0038;0.0048;0.0312
IR-0036;0.11;0.72;0.51;0.0025;0.013;0.8003;0.0043;41;0.0024;0.002;2;0.008;0.0017;0.0017;0.0229
IR-0037;0.65;0.55;0.79;0.007;0.009;0.2444;0.004;36;0.0035;0.0014;8;0.006;0.0043;0.0027;0.0571
IR-0038;0.14;0.63;0.5;0.0069;0.012;0.6481;0.0039;18;0.0006;0.0025;3;0.009;0.0046;0.0009;0.0963
IR-0039;0.33;0.89;0.18;0.0054;0.008;0.8187;0.0054;21;0.0008;0.0027;4;0.009;0.0042;0.0048;0.0348
IR-0040;0.91;0.21;0.47;0.0069;0.006;0.4989;0.0035;48;0.0011;0.0023;8;0.008;0.0036;0.0047;0.0462
IR-0041;0.23;0.8;0.61;0.0019;0.008;0.1217;0.0033;48;0.0026;0.0032;7;0.007;0.0007;0.002;0.069
IR-0042;0.51;0.46;0.31;0.0018;0.01;0.4785;0.0036;20;0.0021;0.0037;2;0.009;0.0029;0.0029;0.0566
IR-0043;0.14;0.79;0.29;0.0069;0.01;0.9754;0.0047;43;0.0029;0.0012;4;0.008;0.004;0.0008;0.0649
IR-0044;0.15;0.34;0.16;0.0083;0.012;0.119;0.0048;24;0.0032;0.0039;6;0.005;0.0032;0.0032;0.0098
IR-0045;0.81;0.79;0.11;0.0035;0.011;0.9235;0.0051;36;0.001;0.0011;8;0.006;0.0049;0.0038;0.0568
IR-0046;0.91;0.59;0.84;0.0066;0.007;0.1649;0.0045;39;0.0005;0.0038;7;0.007;0.0012;0.0045;0.0566
IR-0047;0.83;0.35;0.17;0.0031;0.012;0.954;0.0042;30;0.0031;0.0015;5;0.006;0.0016;0.0049;0.0745
IR-0048;0.78;0.86;0.73;0.0064;0.014;0.9834;0.0036;32;0.0032;0.0014;4;0.005;0.0038;0.003;0.0703
IR-0049;1.07;0.49;0.17;0.0039;0.009;0.2236;0.0035;36;0.0035;0.0029;6;0.005;0.0042;0.0047;0.0259
IR-0050;0.49;0.79;0.89;0.0043;0.012;0.2968;0.0041;12;0.0039;0.0026;7;0.007;0.0012;0.0035;0.0005
IR-0051;1.19;0.48;0.63;0.0074;0.008;0.3424;0.0049;28;0.0035;0.002;7;0.006;0.0023;0.0008;0.0623
IR-0052;0.62;0.47;0.5;0.0032;0.014;0.7011;0.0054;5;0.0037;0.0007;7;0.007;0.0012;0.0009;0.0498
IR-0053;1.03;0.51;0.66;0.0048;0.008;0.1367;0.0035;14;0.0037;0.0027;3;0.009;0.0033;0.0034;0.0994
IR-0054;0.98;0.59;0.25;0.0086;0.008;0.3737;0.0045;35;0.0026;0.0037;8;0.005;0.0033;0.0021;0.0394
IR-0055;0.76;0.67;0.97;0.0093;0.01;0.6764;0.0046;19;0.0008;0.0012;5;0.005;0.0045;0.0039;0.0244
IR-0056;0.32;0.22;0.57;0.0055;0.01;0.8572;0.0052;8;0.0038;0.001;4;0.006;0.0016;0.0049;0.0781
IR-0057;1;0.44;0.59;0.0096;0.009;0.2378;0.0033;4;0.0029;0.0011;8;0.007;0.0007;0.0012;0.0217
IR-0058;0.74;0.71;0.62;0.0042;0.011;0.2107;0.005;46;0.0008;0.0035;7;0.009;0.0008;0.0048;0.0902
IR-0059;0.61;0.55;0.18;0.0087;0.005;0.8491;0.0052;27;0.0021;0.0035;8;0.005;0.0045;0.0025;0.0795
IR-0060;0.68;0.6;0.5;0.0064;0.006;0.8067;0.0043;10;0.0035;0.0023;7;0.008;0.0049;0.0046;0.0821
IR-0061;0.17;0.71;0.9;0.0062;0.014;0.228;0.0037;5;0.0031;0.0012;6;0.009;0.0034;0.0037;0.0946
IR-0062;0.57;0.72;0.56;0.0024;0.014;0.7826;0.0032;25;0.0005;0.0029;2;0.007;0.0035;0.0017;0.0684
IR-0063;0.43;0.73;0.62;0.009;0.005;0.486;0.0033;27;0.0037;0.0035;3;0.007;0.0018;0.0032;0.0599
IR-0064;0.4;0.84;0.67;0.0089;0.014;0.7536;0.0037;19;0.002;0.0029;6;0.005;0.0029;0.0012;0.0905
IR-0065;0.61;0.73;0.88;0.0064;0.006;0.2685;0.0046;16;0.0026;0.003;5;0.008;0.0047;0.004;0.0894
IR-0066;0.61;0.49;0.23;0.0085;0.014;0.1827;0.0036;43;0.0018;0.0038;3;0.006;0.0032;0.0028;0.0129
IR-0067;0.39;0.32;0.23;0.0058;0.012;0.1768;0.0042;23;0.0014;0.0028;7;0.007;0.0009;0.0009;0.095
IR-0068;0.1;0.45;0.72;0.0058;0.005;0.2946;0.0038;41;0.0027;0.0028;7;0.005;0.0018;0.0043;0.0649
IR-0069;0.35;0.73;0.32;0.006;0.005;0.8352;0.0045;26;0.0031;0.0029;1;0.005;0.0006;0.003;0.0476
IR-0070;0.52;0.63;0.92;0.0097;0.013;0.6341;0.0034;34;0.001;0.001;2;0.009;0.0036;0.0012;0.0222
IR-0071;1.15;0.48;0.23;0.0093;0.012;0.3038;0.0046;43;0.0035;0.0011;6;0.008;0.0027;0.0006;0.0967
IR-0072;0.3;0.47;0.56;0.0014;0.005;0.0539;0.0045;37;0.0024;0.0039;7;0.008;0.0042;0.0026;0.0714
IR-0073;0.13;0.72;0.25;0.0081;0.008;0.5768;0.0039;38;0.0038;0.0006;7;0.009;0.0007;0.0043;0.0512
IR-0074;0.93;0.36;0.92;0.0063;0.011;0.5918;0.0044;41;0.0016;0.0036;2;0.005;0.0017;0.0044;0.0298
IR-0075;1.12;0.34;0.78;0.0049;0.009;0.9684;0.0038;6;0.0036;0.0014;8;0.005;0.0033;0.0023;0.0366
IR-0076;0.61;0.86;0.42;0.0055;0.013;0.7905;0.0036;49;0.0038;0.0016;6;0.009;0.0038;0.0042;0.0264
IR-0077;0.27;0.22;0.72;0.0064;0.006;0.9912;0.0047;22;0.0031;0.0022;2;0.009;0.0044;0.0025;0.0748
IR-0078;0.47;0.81;0.86;0.0091;0.007;0.0666;0.0047;20;0.0027;0.0027;3;0.008;0.0025;0.0022;0.0676
IR-0079;0.91;0.67;0.59;0.0064;0.011;0.2774;0.0046;29;0.0003;0.0017;7;0.008;0.0031;0.002;0.0746
IR-0080;0.91;0.43;0.41;0.0071;0.011;0.9257;0.0039;39;0.0022;0.0009;8;0.007;0.0038;0.0021;0.0672
IR-0081;0.46;0.56;0.11;0.0063;0.005;0.6619;0.0049;4;0.0012;0.0027;2;0.006;0.0007;0.0037;0.0185
IR-0082;0.64;0.31;0.7;0.0023;0.012;0.5268;0.0032;24;0.0013;0.0024;5;0.005;0.0008;0.0006;0.0543
IR-0083;0.62;0.44;0.91;0.0043;0.012;0.8234;0.0052;15;0.0008;0.002;3;0.008;0.0011;0.0034;0.0135
IR-0084;0.21;0.33;0.9;0.0038;0.009;0.9455;0.0037;11;0.0025;0.0007;8;0.008;0.0032;0.0022;0.0868
IR-0085;0.99;0.36;0.96;0.008;0.006;0.8049;0.0045;31;0.0011;0.002;4;0.007;0.0046;0.0037;0.0715
IR-0086;0.24;0.2;0.92;0.0025;0.01;0.8979;0.0033;38;0.0033;0.0032;3;0.005;0.0046;0.0041;0.0862
IR-0087;0.53;0.65;0.45;0.0028;0.006;0.1362;0.0042;12;0.0012;0.003;2;0.005;0.0015;0.0032;0.0985
IR-0088;0.3;0.34;0.71;0.0048;0.011;0.5755;0.0053;46;0.0034;0.0037;6;0.007;0.0038;0.0036;0.0384
IR-0089;1.15;0.26;0.78;0.0016;0.013;0.905;0.005;32;0.0033;0.0036;7;0.005;0.0027;0.0032;0.0187
IR-0090;0.25;0.38;0.22;0.0022;0.01;0.1812;0.0031;8;0.0038;0.0018;8;0.007;0.0019;0.0006;0.052
IR-0091;0.64;0.87;0.24;0.0019;0.008;0.8446;0.0051;45;0.0039;0.002;1;0.006;0.0007;0.0046;0.0759
IR-0092;0.14;0.81;0.55;0.0061;0.013;0.3801;0.0054;7;0.0007;0.0028;6;0.009;0.0005;0.0021;0.0917
IR-0093;0.33;0.68;0.77;0.0057;0.014;0.6154;0.0046;35;0.0036;0.002;6;0.007;0.004;0.003;0.052
IR-0094;0.51;0.54;0.62;0.0048;0.01;0.1197;0.0034;6;0.0013;0.0006;2;0.005;0.0045;0.0028;0.0789
IR-0095;0.38;0.89;0.99;0.0018;0.008;0.9066;0.0031;39;0.0019;0.0006;8;0.006;0.0005;0.0025;0.0955
IR-0096;1.05;0.48;0.43;0.0081;0.006;0.6444;0.0052;18;0.0032;0.0033;2;0.006;0.0041;0.0039;0.079
IR-0097;0.9;0.22;0.7;0.0062;0.008;0.1605;0.0054;23;0.0036;0.0018;5;0.006;0.0044;0.0038;0.002
IR-0098;0.66;0.81;0.61;0.0078;0.009;0.9775;0.0032;25;0.0032;0.0031;4;0.006;0.0021;0.0012;0.0783
IR-0099;1.01;0.39;0.37;0.0062;0.005;0.0389;0.0034;34;0.0026;0.0031;1;0.009;0.002;0.0008;0.0576
IR-0100;0.95;0.88;0.51;0.0034;0.011;0.585;0.0051;42;0.0006;0.0005;7;0.005;0.0047;0.0043;0.0407
IR-0101;0.79;0.79;0.97;0.0032;0.014;0.1247;0.0052;31;0.0018;0.0026;8;0.009;0.0023;0.0025;0.0745
IR-0102;1.05;0.87;0.87;0.0082;0.013;0.3054;0.0035;18;0.0026;0.0014;4;0.005;0.0017;0.0022;0.069
IR-0103;0.81;0.67;0.9;0.0072;0.013;0.3785;0.0054;46;0.0034;0.0016;6;0.008;0.0024;0.0026;0.0212
IR-0104;0.52;0.89;0.2;0.0039;0.006;0.0674;0.0053;49;0.0031;0.0005;4;0.007;0.0037;0.001;0.0516
IR-0105;1.13;0.36;0.41;0.009;0.009;0.366;0.0036;11;0.0027;0.0027;7;0.007;0.0026;0.0047;0.0702
IR-0106;0.36;0.25;0.61;0.0039;0.007;0.1164;0.0037;49;0.0026;0.0015;7;0.007;0.0008;0.0038;0.0215
IR-0107;0.17;0.2;0.33;0.0072;0.008;0.389;0.0042;5;0.0032;0.0005;1;0.008;0.0024;0.0032;0.0332
IR-0108;1.18;0.63;0.35;0.0062;0.012;0.0935;0.0036;19;0.0023;0.0036;4;0.006;0.0015;0.0034;0.007
IR-0109;0.13;0.56;0.88;0.0091;0.005;0.5991;0.0045;46;0.0033;0.0027;7;0.007;0.0035;0.0029;0.0678
IR-0110;0.23;0.51;0.92;0.0078;0.005;0.4263;0.0039;32;0.0007;0.0017;3;0.006;0.0024;0.0006;0.065
IR-0111;0.44;0.21;0.84;0.0025;0.006;0.7027;0.005;48;0.0016;0.0008;6;0.006;0.0037;0.0046;0.0265
IR-0112;1.06;0.63;0.58;0.007;0.014;0.6964;0.0044;5;0.0008;0.003;2;0.007;0.0039;0.0023;0.0676
IR-0113;0.33;0.72;0.44;0.0037;0.011;0.7338;0.0031;14;0.0027;0.0022;6;0.006;0.0016;0.0018;0.0367
IR-0114;0.43;0.54;0.84;0.0046;0.011;0.7975;0.0047;26;0.0033;0.0016;5;0.008;0.0017;0.0029;0.0382
IR-0115;0.88;0.6;0.26;0.0095;0.007;0.1856;0.0037;39;0.001;0.0011;4;0.006;0.004;0.0013;0.0736
IR-0116;0.99;0.87;0.28;0.0051;0.013;0.9336;0.0031;49;0.0004;0.0029;7;0.008;0.0048;0.002;0.0033
IR-0117;0.5;0.3;0.18;0.0027;0.014;0.5185;0.0044;20;0.0023;0.0032;1;0.007;0.0036;0.0013;0.027
IR-0118;0.55;0.37;0.16;0.003;0.009;0.6606;0.0048;35;0.0012;0.003;3;0.006;0.0007;0.0005;0.0503
IR-0119;0.8;0.86;0.88;0.0069;0.011;0.957;0.004;9;0.0023;0.002;4;0.009;0.0028;0.0026;0.0709
IR-0120;0.9;0.46;0.28;0.0075;0.013;0.3367;0.0031;6;0.0004;0.0024;8;0.008;0.0026;0.0039;0.0719
IR-0121;1.09;0.47;0.84;0.0071;0.008;0.004;0.0037;21;0.0022;0.0028;3;0.009;0.0017;0.0018;0.0179
IR-0122;0.25;0.53;0.91;0.0085;0.009;0.7738;0.0042;44;0.0031;0.0034;3;0.008;0.0018;0.0012;0.0884
IR-0123;0.94;0.59;0.27;0.0082;0.006;0.5464;0.0033;18;0.0011;0.0033;5;0.007;0.0037;0.0047;0.0302
IR-0124;0.6;0.68;0.63;0.0021;0.009;0.8505;0.0042;7;0.0027;0.0039;7;0.005;0.0038;0.002;0.0318
IR-0125;0.46;0.58;0.57;0.008;0.012;0.0193;0.0045;44;0.0027;0.0018;2;0.005;0.0037;0.0022;0.0252
IR-0126;0.82;0.49;0.54;0.0064;0.008;0.2531;0.004;7;0.0023;0.0023;5;0.005;0.0007;0.0039;0.0621
IR-0127;0.92;0.5;0.7;0.0069;0.008;0.0869;0.0052;30;0.0011;0.0019;8;0.006;0.0016;0.0031;0.077
IR-0128;0.54;0.77;0.28;0.0038;0.014;0.9201;0.0048;49;0.0034;0.0009;5;0.008;0.0016;0.0007;0.0681
IR-0129;0.37;0.76;0.98;0.0063;0.012;0.4936;0.0038;20;0.0027;0.0027;2;0.008;0.0013;0.0036;0.0131
IR-0130;0.87;0.29;0.5;0.0062;0.009;0.0384;0.0052;21;0.0017;0.0025;7;0.009;0.0018;0.0005;0.0242
IR-0131;0.91;0.23;0.43;0.0088;0.008;0.1887;0.004;38;0.0005;0.0015;2;0.009;0.0014;0.002;0.0239
IR-0132;0.9;0.58;0.1;0.0072;0.014;0.6083;0.005;31;0.0039;0.0025;6;0.005;0.0015;0.0045;0.0095
IR-0133;0.25;0.48;0.55;0.0041;0.007;0.1589;0.0044;29;0.0011;0.0008;6;0.006;0.0049;0.0046;0.0669
IR-0134;0.1;0.31;0.65;0.0017;0.008;0.9987;0.0032;32;0.0025;0.0006;6;0.008;0.0049;0.0039;0.0798
IR-0135;1.11;0.5;0.17;0.003;0.005;0.8184;0.0033;14;0.0027;0.0018;8;0.009;0.0012;0.0019;0.0726
IR-0136;0.41;0.58;0.15;0.0026;0.01;0.0856;0.0049;30;0.0007;0.0021;6;0.008;0.0037;0.0012;0.0525
IR-0137;0.76;0.48;0.15;0.0036;0.014;0.2694;0.004;37;0.001;0.0038;4;0.009;0.0008;0.002;0.0572
IR-0138;1.15;0.31;0.53;0.0088;0.006;0.1548;0.0031;32;0.002;0.0036;8;0.008;0.0031;0.0013;0.026
IR-0139;1.12;0.62;0.64;0.0074;0.009;0.6036;0.004;19;0.0008;0.0034;1;0.005;0.0016;0.0005;0.0023
IR-0140;0.77;0.89;0.77;0.0038;0.009;0.6379;0.0042;43;0.0005;0.0009;5;0.007;0.0009;0.002;0.0682
IR-0141;0.21;0.84;0.86;0.0075;0.008;0.341;0.0033;12;0.0014;0.0035;7;0.007;0.0046;0.0041;0.0214
IR-0142;0.85;0.22;0.36;0.0025;0.009;0.5204;0.0033;30;0.0021;0.0033;6;0.006;0.0021;0.0034;0.0507
IR-0143;0.35;0.53;0.66;0.0024;0.012;0.7132;0.0044;19;0.0027;0.0033;1;0.007;0.0015;0.0016;0.0415
IR-0144;1.19;0.36;0.28;0.0047;0.009;0.5434;0.0042;22;0.0009;0.0014;8;0.008;0.0026;0.0038;0.0896
IR-0145;0.54;0.25;0.85;0.0015;0.009;0.0128;0.0037;19;0.0004;0.0014;5;0.009;0.0046;0.0031;0.0637
IR-0146;0.93;0.29;0.13;0.0015;0.009;0.5784;0.0033;24;0.0018;0.0008;6;0.006;0.0015;0.0024;0.0302
IR-0147;0.32;0.64;0.25;0.0065;0.005;0.4631;0.0033;12;0.0005;0.0035;2;0.007;0.0043;0.0035;0.0499
IR-0148;0.81;0.4;0.81;0.0054;0.011;0.872;0.0044;17;0.003;0.0021;3;0.008;0.0026;0.0044;0.0357
IR-0149;0.74;0.59;0.62;0.0086;0.013;0.2668;0.0039;16;0.0029;0.0006;1;0.007;0.0024;0.0035;0.0722
IR-0150;0.63;0.26;0.79;0.0046;0.005;0.8637;0.0041;15;0.0021;0.0021;5;0.008;0.0046;0.0038;0.067
IR-0151;1.17;0.53;0.33;0.0074;0.01;0.734;0.0032;24;0.0037;0.0016;5;0.007;0.0031;0.0041;0.0554
IR-0152;0.67;0.79;0.19;0.0068;0.009;0.4915;0.0052;4;0.0034;0.0036;6;0.005;0.0008;0.0005;0.0439
IR-0153;0.38;0.78;0.87;0.0095;0.014;0.462;0.0031;14;0.0038;0.0037;1;0.005;0.0048;0.0013;0.0202
IR-0154;0.77;0.62;0.96;0.0048;0.009;0.5152;0.0052;13;0.0022;0.0022;8;0.006;0.0049;0.0013;0.0493
IR-0155;1.07;0.41;0.45;0.0068;0.014;0.0106;0.0049;9;0.0012;0.0023;7;0.009;0.002;0.0009;0.0713
IR-0156;0.44;0.67;0.56;0.0019;0.008;0.6132;0.003;20;0.0009;0.0015;5;0.009;0.0044;0.0006;0.0232
IR-0157;0.57;0.31;0.48;0.0058;0.013;0.6148;0.0039;40;0.001;0.0022;2;0.007;0.0034;0.0028;0.0219
IR-0158;1.16;0.35;0.64;0.0086;0.007;0.1419;0.005;22;0.0021;0.0035;8;0.007;0.0033;0.0013;0.0423
IR-0159;0.45;0.76;0.5;0.0068;0.013;0.9986;0.0046;5;0.0035;0.0012;7;0.006;0.0006;0.0005;0.0819
IR-0160;0.9;0.69;0.44;0.0096;0.008;0.7564;0.0036;23;0.0007;0.003;6;0.008;0.0018;0.0033;0.0733
IR-0161;0.85;0.46;0.96;0.0096;0.012;0.894;0.0045;7;0.0005;0.0021;2;0.006;0.0037;0.0048;0.0856
IR-0162;0.92;0.26;0.51;0.0071;0.012;0.6717;0.0049;38;0.0034;0.002;4;0.007;0.0048;0.0042;0.005
IR-0163;0.89;0.59;0.12;0.0016;0.005;0.9454;0.0041;22;0.0012;0.0026;7;0.007;0.0005;0.0028;0.0363
IR-0164;0.53;0.36;0.91;0.0073;0.008;0.306;0.0042;24;0.0024;0.001;7;0.008;0.0024;0.0047;0.0244
IR-0165;0.46;0.43;0.33;0.0074;0.012;0.4998;0.0034;6;0.0036;0.0012;6;0.009;0.0007;0.0013;0.0392
IR-0166;0.59;0.74;0.63;0.0052;0.014;0.3884;0.0033;34;0.0024;0.0012;1;0.008;0.0037;0.0005;0.098
IR-0167;0.49;0.75;0.74;0.0081;0.01;0.1082;0.0032;26;0.0009;0.0039;6;0.006;0.0017;0.0028;0.0505
IR-0168;0.97;0.88;0.36;0.0053;0.011;0.1984;0.0046;27;0.0038;0.0022;8;0.007;0.0038;0.0013;0.0979
IR-0169;1.01;0.89;0.78;0.0099;0.008;0.9499;0.0043;46;0.0037;0.0017;2;0.008;0.001;0.0014;0.0152
IR-0170;1.19;0.83;0.57;0.0094;0.011;0.0901;0.0035;37;0.0038;0.0032;8;0.009;0.0034;0.0009;0.0569
IR-0171;0.83;0.72;0.56;0.0039;0.013;0.2755;0.0037;40;0.0013;0.0008;7;0.005;0.0037;0.0009;0.0152
IR-0172;0.3;0.29;0.49;0.0099;0.013;0.0996;0.0048;9;0.0038;0.003;7;0.008;0.0026;0.0025;0.085
IR-0173;1.13;0.44;0.22;0.003;0.009;0.7384;0.0041;25;0.0018;0.0013;4;0.006;0.0025;0.0034;0.0265
IR-0174;0.58;0.5;0.86;0.0081;0.008;0.2744;0.0039;7;0.0022;0.0031;1;0.005;0.0043;0.0024;0.0919
IR-0175;0.67;0.62;0.72;0.0071;0.008;0.8853;0.0043;47;0.0024;0.0016;5;0.005;0.0042;0.0037;0.0922
IR-0176;0.44;0.63;0.46;0.0028;0.013;0.4951;0.0046;5;0.0029;0.0021;5;0.008;0.0031;0.0006;0.0329
IR-0177;0.37;0.28;0.44;0.0083;0.009;0.4017;0.0053;10;0.0029;0.0008;2;0.007;0.0028;0.0006;0.0284
IR-0178;0.6;0.65;0.8;0.0059;0.006;0.7812;0.0042;7;0.0011;0.0034;8;0.008;0.0031;0.0039;0.0685
IR-0179;0.43;0.71;0.99;0.0088;0.006;0.743;0.0041;31;0.0014;0.0022;1;0.009;0.0046;0.0025;0.0319
IR-0180;0.28;0.27;0.19;0.0087;0.01;0.1633;0.005;29;0.0037;0.0005;2;0.007;0.0019;0.0018;0.0544
IR-0181;0.8;0.81;0.21;0.008;0.011;0.5194;0.0035;39;0.0019;0.0026;7;0.007;0.0012;0.0039;0.0894
IR-0182;0.31;0.38;0.93;0.0072;0.012;0.5649;0.0044;25;0.003;0.002;4;0.006;0.0022;0.0024;0.0455
IR-0183;0.82;0.55;0.96;0.0056;0.009;0.6417;0.0033;48;0.0005;0.0027;8;0.008;0.004;0.0017;0.0609
IR-0184;0.46;0.83;0.24;0.0093;0.013;0.5832;0.0045;35;0.0023;0.0032;4;0.008;0.0037;0.0042;0.0391
IR-0185;0.61;0.71;0.62;0.0047;0.012;0.6495;0.0034;36;0.0015;0.0014;5;0.007;0.004;0.0015;0.017
IR-0186;0.12;0.8;0.75;0.0059;0.013;0.4904;0.0036;39;0.0003;0.0005;7;0.008;0.0015;0.0027;0.0585
IR-0187;0.51;0.41;0.46;0.0031;0.009;0.1126;0.0042;32;0.0013;0.003;4;0.008;0.0026;0.0026;0.0923
IR-0188;0.97;0.85;0.11;0.0042;0.014;0.8149;0.0032;15;0.0005;0.0035;5;0.008;0.0039;0.0024;0.0697
IR-0189;0.64;0.73;0.95;0.0018;0.011;0.4483;0.0044;23;0.0026;0.0007;2;0.009;0.0019;0.0044;0.0627
IR-0190;1.09;0.69;0.72;0.0063;0.007;0.7405;0.0048;13;0.0037;0.0019;7;0.008;0.0026;0.0046;0.093
IR-0191;0.44;0.72;0.98;0.0078;0.01;0.3462;0.0032;23;0.0019;0.001;5;0.009;0.0026;0.0049;0.0057
IR-0192;1.1;0.88;0.21;0.0017;0.01;0.2654;0.0047;49;0.0038;0.0015;4;0.007;0.0047;0.0035;0.084
IR-0193;0.28;0.35;0.9;0.0036;0.008;0.0903;0.004;40;0.0021;0.0037;2;0.005;0.0045;0.0047;0.0238
IR-0194;0.22;0.32;0.14;0.0066;0.01;0.7141;0.005;48;0.0039;0.0037;6;0.008;0.0011;0.0016;0.0966
IR-0195;0.94;0.84;0.77;0.007;0.014;0.8259;0.0031;48;0.0021;0.0033;6;0.008;0.0005;0.0009;0.0025
IR-0196;0.27;0.58;0.87;0.0023;0.007;0.8455;0.0039;4;0.0022;0.0008;1;0.007;0.0028;0.0018;0.0221
IR-0197;0.2;0.73;0.61;0.0038;0.009;0.0118;0.0037;46;0.0038;0.0038;4;0.009;0.0022;0.0014;0.0899
IR-0198;0.66;0.89;0.66;0.0049;0.01;0.7831;0.0052;46;0.002;0.003;6;0.006;0.003;0.0022;0.0771
IR-0199;0.82;0.7;0.18;0.002;0.01;0.4425;0.0044;8;0.0019;0.0007;6;0.008;0.0006;0.0026;0.0654
IR-0200;0.44;0.83;0.97;0.0089;0.008;0.3446;0.0053;16;0.0014;0.0032;3;0.009;0.0009;0.0048;0.0506
IR-0201;0.39;0.23;0.86;0.0019;0.005;0.0766;0.0054;18;0.0034;0.0035;1;0.009;0.0037;0.0031;0.0984
IR-0202;0.31;0.25;0.73;0.0076;0.006;0.2345;0.0031;25;0.0018;0.0013;6;0.007;0.0038;0.001;0.0177
IR-0203;0.52;0.45;0.5;0.0074;0.007;0.0131;0.005;49;0.0008;0.0027;8;0.009;0.0029;0.0017;0.0357
IR-0204;0.86;0.37;0.71;0.0021;0.007;0.9242;0.0054;19;0.0006;0.0035;5;0.005;0.0037;0.0046;0.0304
IR-0205;0.51;0.52;0.72;0.006;0.011;0.0282;0.0051;19;0.0028;0.0014;7;0.005;0.0012;0.004;0.0354
IR-0206;0.48;0.44;0.51;0.007;0.011;0.7276;0.0031;29;0.0033;0.002;2;0.006;0.0042;0.0005;0.0253
IR-0207;1.05;0.4;0.92;0.0053;0.006;0.2984;0.0045;19;0.0034;0.0025;2;0.005;0.001;0.0031;0.0424
IR-0208;0.93;0.28;0.35;0.0056;0.007;0.7106;0.0048;26;0.0014;0.0029;6;0.005;0.0043;0.0032;0.0323
IR-0209;0.54;0.26;0.3;0.0042;0.006;0.8034;0.0031;35;0.0008;0.0021;4;0.009;0.0032;0.0046;0.0349
IR-0210;0.19;0.4;0.26;0.0053;0.011;0.5137;0.0047;18;0.0012;0.0033;3;0.005;0.0013;0.0037;0.0714
IR-0211;0.6;0.24;0.55;0.0047;0.012;0.9592;0.0038;33;0.0036;0.0037;2;0.006;0.0008;0.0026;0.0745
IR-0212;0.31;0.51;0.22;0.0043;0.011;0.7274;0.0048;21;0.0012;0.0005;6;0.008;0.0033;0.0022;0.0216
IR-0213;0.14;0.25;0.14;0.0045;0.012;0.8774;0.003;21;0.0007;0.0035;8;0.005;0.0015;0.0045;0.0358
IR-0214;0.51;0.68;0.95;0.0045;0.006;0.2096;0.0046;43;0.0028;0.0038;1;0.006;0.0027;0.0045;0.022
IR-0215;0.1;0.3;0.93;0.0046;0.01;0.9668;0.0048;49;0.0028;0.0019;7;0.007;0.0047;0.0031;0.0154
IR-0216;0.31;0.84;0.13;0.0058;0.008;0.5268;0.0034;21;0.001;0.003;8;0.007;0.0039;0.0046;0.0349
IR-0217;0.57;0.39;0.98;0.0096;0.01;0.7403;0.0047;44;0.0014;0.0036;6;0.009;0.0013;0.0015;0.0749
IR-0218;0.71;0.81;0.1;0.0055;0.006;0.7606;0.0041;33;0.0017;0.0024;1;0.008;0.002;0.0041;0.0967
IR-0219;0.47;0.65;0.92;0.0037;0.011;0.4374;0.0048;6;0.0033;0.0025;5;0.009;0.0047;0.0047;0.0541
IR-0220;0.53;0.89;0.74;0.0036;0.009;0.0203;0.0034;13;0.0023;0.0022;7;0.008;0.0009;0.0015;0.0134
IR-0221;0.46;0.32;0.55;0.005;0.008;0.2432;0.0052;21;0.003;0.0039;5;0.008;0.0014;0.0021;0.0621
IR-0222;0.58;0.61;0.66;0.0073;0.005;0.9296;0.0035;12;0.0029;0.0019;7;0.009;0.0042;0.0025;0.0774
IR-0223;0.54;0.57;0.14;0.0045;0.006;0.6937;0.0038;10;0.0029;0.0021;8;0.008;0.001;0.0031;0.0105
IR-0224;0.55;0.41;0.31;0.0045;0.012;0.9083;0.0034;40;0.0033;0.0028;8;0.008;0.0017;0.0025;0.0866
IR-0225;0.76;0.76;0.42;0.007;0.008;0.9192;0.0037;34;0.0009;0.0035;5;0.007;0.0035;0.0023;0.0737
IR-0226;0.34;0.38;0.66;0.002;0.005;0.9912;0.0052;4;0.0021;0.0007;3;0.006;0.0005;0.0027;0.0949
IR-0227;0.61;0.79;0.85;0.0072;0.008;0.9228;0.003;8;0.0006;0.0028;4;0.008;0.0031;0.0022;0.0768
IR-0228;0.4;0.51;0.99;0.0062;0.005;0.4544;0.0048;48;0.002;0.0005;7;0.009;0.0018;0.0042;0.0862
IR-0229;0.27;0.72;0.26;0.0061;0.008;0.1125;0.0043;15;0.0029;0.0033;6;0.007;0.0009;0.0037;0.0815
IR-0230;0.58;0.84;0.82;0.0059;0.012;0.1058;0.004;14;0.0033;0.0009;1;0.006;0.0039;0.0038;0.0778
IR-0231;1.16;0.61;0.12;0.004;0.005;0.2779;0.0054;20;0.0015;0.0029;2;0.006;0.0039;0.0024;0.0227
IR-0232;0.17;0.56;0.13;0.0046;0.014;0.437;0.0031;35;0.0037;0.002;5;0.006;0.0047;0.0042;0.0807
IR-0233;1.08;0.59;0.35;0.0036;0.008;0.5121;0.0049;44;0.0017;0.003;7;0.007;0.0017;0.0034;0.0621
IR-0234;0.29;0.49;0.27;0.0089;0.011;0.9377;0.0053;12;0.0035;0.001;1;0.008;0.0047;0.0043;0.0522
IR-0235;0.68;0.74;0.77;0.0029;0.009;0.995;0.0043;48;0.002;0.0022;8;0.008;0.0042;0.0034;0.0982
IR-0236;0.3;0.4;0.85;0.0022;0.007;0.7911;0.0045;39;0.0006;0.0038;4;0.006;0.0029;0.0044;0.0864
IR-0237;0.7;0.7;0.82;0.0042;0.009;0.7989;0.003;46;0.0036;0.0016;4;0.008;0.0016;0.0023;0.005
IR-0238;0.74;0.78;0.51;0.0074;0.005;0.3592;0.0049;28;0.0037;0.0005;2;0.008;0.0033;0.0013;0.0641
IR-0239;0.34;0.86;0.72;0.0015;0.006;0.208;0.0036;18;0.0012;0.0013;5;0.006;0.003;0.0006;0.0322
IR-0240;1.17;0.52;0.36;0.0084;0.012;0.145;0.0046;47;0.0029;0.0034;3;0.009;0.0036;0.0016;0.0227
IR-0241;1;0.55;0.64;0.0042;0.01;0.2172;0.0033;29;0.0019;0.003;1;0.007;0.0045;0.0028;0.0129
IR-0242;0.84;0.45;0.38;0.005;0.007;0.1783;0.0048;14;0.0005;0.0013;8;0.005;0.0017;0.0035;0.0946
IR-0243;0.85;0.69;0.32;0.0037;0.011;0.405;0.0045;38;0.003;0.0021;8;0.006;0.004;0.0049;0.0706
IR-0244;0.91;0.82;0.21;0.0098;0.008;0.7602;0.0053;42;0.0021;0.0031;8;0.007;0.0034;0.0042;0.007
IR-0245;0.48;0.42;0.69;0.0039;0.014;0.6654;0.0052;27;0.0037;0.0039;1;0.006;0.0041;0.0005;0.0382
IR-0246;0.52;0.4;0.56;0.0068;0.008;0.37;0.0045;13;0.0011;0.002;3;0.005;0.0029;0.0023;0.085
IR-0247;0.49;0.69;0.14;0.0097;0.01;0.5479;0.0053;33;0.0003;0.0022;8;0.009;0.0032;0.0028;0.0413
IR-0248;0.34;0.38;0.48;0.0067;0.013;0.628;0.005;29;0.001;0.0009;5;0.008;0.0028;0.0045;0.0048
IR-0249;0.17;0.61;0.27;0.0085;0.008;0.536;0.0039;45;0.0031;0.0018;3;0.007;0.0034;0.0019;0.0744
IR-0250;0.19;0.46;0.41;0.0087;0.009;0.7195;0.0034;35;0.0028;0.0039;4;0.007;0.0032;0.0028;0.027
IR-0251;0.15;0.84;0.73;0.0097;0.009;0.2754;0.0039;28;0.0024;0.0018;1;0.007;0.0014;0.0026;0.0168
IR-0252;0.51;0.62;0.48;0.005;0.008;0.7988;0.0044;30;0.0013;0.002;1;0.007;0.0006;0.0021;0.0864
IR-0253;1.13;0.23;0.79;0.0063;0.012;0.7025;0.003;46;0.0022;0.0025;6;0.009;0.0045;0.001;0.079
IR-0254;0.78;0.47;0.73;0.0029;0.008;0.7717;0.0037;23;0.0031;0.0021;2;0.007;0.0007;0.0048;0.0831
IR-0255;1.08;0.46;0.72;0.0052;0.006;0.3809;0.0051;7;0.0026;0.0035;7;0.008;0.0049;0.002;0.0776
IR-0256;1.14;0.3;0.95;0.0085;0.009;0.648;0.003;46;0.0037;0.001;6;0.009;0.0028;0.004;0.028
IR-0257;0.44;0.3;0.12;0.0073;0.005;0.9944;0.0053;20;0.0027;0.0006;6;0.006;0.0038;0.0041;0.0229
IR-0258;0.99;0.52;0.37;0.0057;0.006;0.8097;0.0032;16;0.0021;0.0016;8;0.006;0.001;0.0028;0.0718
IR-0259;1.16;0.21;0.66;0.0098;0.014;0.7471;0.0042;33;0.0007;0.0036;1;0.005;0.0041;0.0035;0.049
IR-0260;0.72;0.33;0.7;0.0025;0.011;0.371;0.0047;43;0.0022;0.0033;7;0.006;0.0019;0.0033;0.0056
IR-0261;0.92;0.57;0.96;0.0037;0.009;0.7493;0.0038;24;0.0027;0.0007;4;0.005;0.0025;0.0033;0.082
IR-0262;1.1;0.48;0.31;0.0044;0.007;0.6944;0.0053;48;0.0025;0.0023;4;0.005;0.0025;0.0005;0.0489
IR-0263;0.81;0.58;0.72;0.0036;0.01;0.4308;0.0039;36;0.0038;0.0032;6;0.005;0.0008;0.0046;0.0116
IR-0264;1.11;0.31;0.44;0.0096;0.009;0.965;0.0037;24;0.0012;0.0015;3;0.009;0.0037;0.0031;0.0712
IR-0265;0.37;0.62;0.51;0.0014;0.005;0.2958;0.0043;42;0.0029;0.0019;8;0.008;0.0035;0.0039;0.0168
IR-0266;0.74;0.53;0.46;0.0055;0.01;0.6411;0.004;49;0.0039;0.0019;1;0.007;0.0012;0.0008;0.029
IR-0267;0.86;0.34;0.35;0.0067;0.014;0.6779;0.0038;45;0.0021;0.0006;8;0.007;0.0032;0.0044;0.0851
IR-0268;0.39;0.49;0.99;0.008;0.01;0.1592;0.003;30;0.0021;0.003;6;0.005;0.0008;0.0046;0.0872
IR-0269;0.57;0.55;0.14;0.0088;0.01;0.9352;0.0032;43;0.0019;0.0014;2;0.005;0.0032;0.0027;0.0241
IR-0270;0.27;0.2;0.67;0.0027;0.014;0.4107;0.0051;8;0.0026;0.0011;6;0.007;0.0027;0.0048;0.062
IR-0271;0.94;0.52;0.83;0.0064;0.012;0.9062;0.0046;4;0.001;0.0009;1;0.008;0.0037;0.0046;0.0475
IR-0272;0.49;0.3;0.92;0.0014;0.012;0.8039;0.0046;24;0.0039;0.0013;6;0.006;0.0013;0.0014;0.0527
IR-0273;0.87;0.22;0.75;0.0026;0.009;0.0751;0.0044;9;0.0006;0.0013;5;0.005;0.002;0.0036;0.0973
IR-0274;0.39;0.81;0.8;0.0084;0.006;0.1383;0.0046;38;0.0006;0.0021;8;0.009;0.0015;0.0032;0.0827
IR-0275;0.27;0.5;0.59;0.0092;0.007;0.3221;0.0051;25;0.0027;0.0018;4;0.006;0.0013;0.0024;0.0238
IR-0276;0.28;0.43;0.84;0.0063;0.012;0.7356;0.0051;11;0.002;0.0037;3;0.007;0.0029;0.0045;0.0582
IR-0277;0.7;0.89;0.38;0.0096;0.008;0.4187;0.0037;45;0.0016;0.0038;5;0.006;0.0016;0.0005;0.0392
IR-0278;1.14;0.43;0.58;0.0074;0.013;0.8273;0.0042;23;0.0038;0.0035;5;0.006;0.0015;0.0038;0.054
IR-0279;0.51;0.85;0.49;0.0086;0.01;0.7141;0.0044;44;0.0018;0.0013;4;0.009;0.0015;0.0025;0.0252
IR-0280;0.99;0.76;0.62;0.0075;0.006;0.459;0.0045;19;0.003;0.0018;6;0.009;0.001;0.0038;0.0273
IR-0281;0.99;0.8;0.81;0.003;0.013;0.6816;0.0046;10;0.0014;0.0032;8;0.005;0.0044;0.0013;0.0352
IR-0282;0.33;0.4;0.82;0.0074;0.01;0.8355;0.0049;15;0.0004;0.0037;4;0.005;0.0046;0.0028;0.0602
IR-0283;0.58;0.86;0.37;0.0044;0.013;0.4025;0.0043;16;0.0039;0.0021;3;0.008;0.0033;0.0037;0.0668
IR-0284;0.7;0.23;0.89;0.0054;0.005;0.634;0.0054;41;0.0038;0.0039;2;0.006;0.0009;0.0011;0.0696
IR-0285;0.38;0.87;0.81;0.0038;0.01;0.5824;0.0035;43;0.0022;0.0031;5;0.005;0.0015;0.001;0.0426
IR-0286;0.72;0.75;0.51;0.0043;0.007;0.7364;0.0032;30;0.0035;0.0036;2;0.009;0.0005;0.0042;0.0296
IR-0287;0.93;0.31;0.15;0.0062;0.01;0.4397;0.004;48;0.0026;0.0006;6;0.007;0.004;0.0006;0.0515
IR-0288;0.9;0.2;0.13;0.0049;0.014;0.5209;0.0031;42;0.0033;0.0025;2;0.009;0.0016;0.0029;0.0858
IR-0289;1.1;0.64;0.61;0.0062;0.01;0.4612;0.0046;40;0.0037;0.0031;8;0.009;0.0041;0.0028;0.0647
IR-0290;1.01;0.77;0.93;0.0092;0.005;0.484;0.0046;12;0.0022;0.0013;3;0.009;0.0008;0.0043;0.0569
IR-0291;0.91;0.87;0.1;0.0087;0.006;0.4618;0.0039;49;0.0027;0.0035;5;0.007;0.0006;0.0012;0.0918
IR-0292;0.3;0.48;0.28;0.0038;0.005;0.2363;0.0052;28;0.0038;0.0032;7;0.005;0.0026;0.0043;0.0155
IR-0293;0.77;0.37;0.86;0.0025;0.006;0.916;0.003;36;0.0011;0.0024;3;0.008;0.0016;0.0021;0.079
IR-0294;0.75;0.67;0.78;0.0055;0.01;0.6963;0.0054;26;0.0033;0.0017;1;0.006;0.0006;0.0013;0.0863
IR-0295;0.75;0.32;0.5;0.0062;0.009;0.4363;0.0044;27;0.0003;0.0023;2;0.006;0.0042;0.0019;0.0867
IR-0296;0.94;0.84;0.96;0.0035;0.013;0.8509;0.0044;5;0.0006;0.0019;1;0.006;0.0014;0.0025;0.0033
IR-0297;0.24;0.28;0.22;0.0032;0.01;0.9051;0.0054;25;0.0028;0.0029;8;0.005;0.0006;0.0038;0.0453
IR-0298;0.65;0.42;0.25;0.0026;0.006;0.0995;0.0033;21;0.0022;0.003;6;0.008;0.0024;0.0008;0.0265
IR-0299;0.54;0.25;0.42;0.0088;0.012;0.4624;0.0035;40;0.0022;0.0014;5;0.007;0.0024;0.0027;0.0267
IR-0300;0.69;0.25;0.75;0.0087;0.012;0.3854;0.0031;49;0.003;0.0032;8;0.009;0.0043;0.0029;0.0736
IR-0301;0.18;0.74;0.29;0.0073;0.009;0.732;0.0043;37;0.0013;0.0025;3;0.006;0.0049;0.0048;0.0167
IR-0302;0.34;0.85;0.76;0.0059;0.008;0.4637;0.0039;37;0.0007;0.0007;7;0.009;0.0012;0.004;0.0344
IR-0303;1.11;0.7;0.74;0.0087;0.008;0.9713;0.004;7;0.0028;0.0013;5;0.009;0.0045;0.0029;0.051
IR-0304;1.15;0.54;0.32;0.0089;0.014;0.746;0.004;39;0.0018;0.0025;6;0.006;0.0022;0.0017;0.0506
IR-0305;0.28;0.6;0.41;0.0083;0.014;0.4061;0.0046;19;0.0028;0.001;4;0.009;0.0046;0.0042;0.0902
IR-0306;0.82;0.69;0.13;0.0067;0.009;0.6068;0.0051;45;0.0035;0.0012;3;0.008;0.0036;0.0037;0.0122
IR-0307;1.11;0.85;0.65;0.0081;0.011;0.6034;0.005;44;0.002;0.0035;2;0.007;0.0044;0.0009;0.0516
IR-0308;1.07;0.41;0.38;0.0032;0.01;0.0353;0.0052;6;0.0004;0.0037;5;0.006;0.0021;0.0045;0.0934
IR-0309;0.77;0.77;0.72;0.0031;0.005;0.358;0.0046;47;0.0006;0.002;8;0.006;0.0014;0.001;0.0167
IR-0310;0.83;0.81;0.17;0.009;0.011;0.9247;0.0049;29;0.0007;0.0021;5;0.007;0.0025;0.0038;0.0566
IR-0311;0.57;0.68;0.43;0.0047;0.009;0.6511;0.0044;26;0.0014;0.0015;3;0.009;0.0036;0.0032;0.0677
IR-0312;0.56;0.8;0.53;0.0025;0.007;0.6768;0.0047;48;0.0035;0.0011;7;0.007;0.0028;0.0031;0.0083
IR-0313;0.72;0.53;0.88;0.0029;0.014;0.0659;0.0039;48;0.0016;0.0038;4;0.007;0.004;0.0041;0.0567
IR-0314;1.05;0.27;0.67;0.0046;0.005;0.6533;0.0051;25;0.0008;0.003;8;0.005;0.0005;0.0029;0.0958
IR-0315;0.69;0.61;0.26;0.004;0.008;0.6127;0.003;34;0.0006;0.001;2;0.007;0.0009;0.002;0.0046
IR-0316;0.22;0.44;0.28;0.0074;0.01;0.264;0.0051;39;0.0005;0.0009;8;0.005;0.0007;0.0017;0.0637
IR-0317;0.63;0.86;0.98;0.0052;0.008;0.0923;0.003;18;0.0025;0.0021;4;0.008;0.0044;0.0017;0.0307
IR-0318;0.65;0.75;0.48;0.0014;0.005;0.9562;0.0031;36;0.0017;0.0014;6;0.005;0.0042;0.0012;0.034
IR-0319;0.7;0.57;0.86;0.0058;0.008;0.7215;0.0044;28;0.0026;0.001;1;0.009;0.0039;0.0019;0.007
IR-0320;0.7;0.86;0.41;0.0099;0.008;0.447;0.0037;26;0.0016;0.003;7;0.006;0.0044;0.0012;0.0069
IR-0321;0.57;0.88;0.89;0.0087;0.008;0.4678;0.0039;49;0.0008;0.003;3;0.005;0.0009;0.0048;0.0459
IR-0322;1.14;0.59;0.17;0.0071;0.009;0.2429;0.003;41;0.0033;0.0012;7;0.007;0.0026;0.0037;0.0794
IR-0323;0.4;0.25;0.13;0.0035;0.007;0.5215;0.0049;25;0.0028;0.0038;7;0.007;0.002;0.0007;0.0125
IR-0324;1.11;0.38;0.42;0.0014;0.012;0.9334;0.0051;45;0.0029;0.003;2;0.008;0.0033;0.0008;0.076
IR-0325;0.62;0.83;0.49;0.0035;0.014;0.07;0.0034;42;0.0027;0.0018;7;0.006;0.0034;0.002;0.0299
IR-0326;0.27;0.84;0.13;0.0087;0.01;0.8704;0.0044;24;0.0039;0.0015;8;0.007;0.0049;0.0042;0.0823
IR-0327;0.24;0.38;0.49;0.0043;0.009;0.1895;0.0031;45;0.0006;0.0007;1;0.008;0.0026;0.001;0.0253
IR-0328;0.25;0.4;0.27;0.0092;0.009;0.6732;0.0047;16;0.0017;0.0033;6;0.005;0.0009;0.0015;0.0533
IR-0329;1.09;0.56;0.58;0.0054;0.012;0.0737;0.004;49;0.0035;0.0024;6;0.006;0.0046;0.0015;0.0033
IR-0330;0.53;0.74;0.75;0.0097;0.012;0.0494;0.003;33;0.003;0.0005;5;0.008;0.0009;0.0043;0.0976
IR-0331;1.19;0.39;0.35;0.0024;0.007;0.1764;0.0032;19;0.0008;0.0017;3;0.008;0.0019;0.0049;0.0312
IR-0332;0.33;0.71;0.84;0.0098;0.01;0.7555;0.0051;43;0.0025;0.0007;4;0.009;0.0049;0.0044;0.0758
IR-0333;1.09;0.36;0.85;0.0038;0.007;0.5833;0.0041;22;0.003;0.0029;8;0.008;0.0015;0.0024;0.0862
IR-0334;1.08;0.54;0.4;0.0096;0.009;0.6976;0.005;38;0.0021;0.0019;5;0.008;0.0048;0.0027;0.0849
IR-0335;0.43;0.82;0.92;0.0014;0.007;0.5196;0.0046;30;0.0023;0.0029;8;0.005;0.0047;0.0022;0.0455
IR-0336;0.26;0.47;0.76;0.0072;0.01;0.1948;0.0038;38;0.0011;0.0011;7;0.007;0.0041;0.0028;0.0907
IR-0337;0.81;0.38;0.11;0.0053;0.012;0.126;0.0034;47;0.0034;0.0038;3;0.005;0.0019;0.0034;0.0386
IR-0338;1.16;0.85;0.63;0.003;0.006;0.2612;0.0047;45;0.0014;0.0039;7;0.007;0.0009;0.0015;0.058
IR-0339;0.24;0.75;0.28;0.0014;0.009;0.5203;0.004;21;0.0008;0.0005;2;0.007;0.0036;0.0047;0.0834
IR-0340;0.24;0.43;0.44;0.0037;0.007;0.5312;0.004;16;0.0012;0.0033;2;0.007;0.001;0.0023;0.0225
IR-0341;0.35;0.78;0.59;0.0028;0.013;0.0094;0.0051;20;0.0011;0.0018;1;0.007;0.0015;0.0006;0.0098
IR-0342;0.81;0.29;0.52;0.0066;0.013;0.2067;0.0051;44;0.0005;0.0035;4;0.007;0.0023;0.0015;0.0305
IR-0343;0.81;0.46;0.44;0.0081;0.012;0.3881;0.0046;18;0.0025;0.0037;4;0.008;0.0047;0.0035;0.0365
IR-0344;0.55;0.32;0.67;0.0036;0.013;0.5968;0.0033;16;0.0009;0.003;4;0.009;0.0035;0.0005;0.0322
IR-0345;0.94;0.43;0.69;0.0098;0.011;0.3322;0.0032;35;0.0017;0.0034;3;0.009;0.0044;0.0032;0.0997
IR-0346;0.45;0.57;0.2;0.0075;0.007;0.557;0.0033;43;0.0033;0.0029;8;0.005;0.0018;0.0006;0.035
IR-0347;0.37;0.41;0.36;0.005;0.006;0.0222;0.0053;12;0.0004;0.003;7;0.008;0.0041;0.0027;0.0778
IR-0348;0.78;0.83;0.4;0.0035;0.009;0.1198;0.0035;21;0.003;0.0012;6;0.008;0.0034;0.0026;0.0049
IR-0349;0.31;0.62;0.8;0.0098;0.014;0.2219;0.0038;20;0.0024;0.0024;3;0.006;0.001;0.0031;0.0065
IR-0350;0.25;0.31;0.85;0.0077;0.007;0.82;0.0044;21;0.0021;0.0026;7;0.005;0.0043;0.0015;0.0061
IR-0351;0.78;0.36;0.3;0.0074;0.012;0.0022;0.0054;14;0.0017;0.0021;3;0.005;0.0015;0.0006;0.0241
IR-0352;0.78;0.66;0.94;0.0092;0.009;0.7369;0.0032;47;0.0019;0.0005;2;0.006;0.0033;0.0032;0.049
IR-0353;0.56;0.86;0.55;0.0087;0.011;0.9845;0.0047;33;0.0023;0.0015;4;0.007;0.0029;0.0021;0.088
IR-0354;1.18;0.87;0.34;0.0097;0.009;0.9529;0.0032;42;0.0024;0.0033;5;0.006;0.0029;0.0016;0.0811
IR-0355;0.7;0.2;0.11;0.0019;0.01;0.8252;0.0031;32;0.0037;0.0036;4;0.008;0.0017;0.0044;0.0583
IR-0356;1.13;0.47;0.91;0.0022;0.012;0.4022;0.0051;34;0.0036;0.0032;1;0.006;0.0029;0.0045;0.0692
IR-0357;1;0.61;0.57;0.0014;0.009;0.0925;0.0036;16;0.0022;0.0022;5;0.006;0.0044;0.0047;0.0228
IR-0358;1.18;0.29;0.55;0.0077;0.014;0.4421;0.0033;25;0.0012;0.0033;4;0.008;0.0029;0.0033;0.0064
IR-0359;0.12;0.78;0.68;0.002;0.01;0.6031;0.0045;22;0.0028;0.0027;5;0.007;0.0007;0.0045;0.0413
IR-0360;0.94;0.34;0.37;0.0088;0.006;0.9578;0.0047;22;0.001;0.0019;8;0.008;0.0029;0.0011;0.0349
IR-0361;0.99;0.78;0.75;0.0024;0.005;0.7528;0.0034;34;0.0008;0.0023;2;0.006;0.0007;0.001;0.0652
IR-0362;0.37;0.26;0.6;0.006;0.013;0.0573;0.0052;38;0.0022;0.0028;2;0.007;0.0021;0.0036;0.0942
IR-0363;0.4;0.57;0.21;0.009;0.011;0.6207;0.0046;21;0.0016;0.0033;7;0.007;0.0033;0.0012;0.0282
IR-0364;1.12;0.28;0.22;0.0022;0.006;0.6436;0.0049;21;0.0019;0.0008;5;0.006;0.0019;0.0012;0.0677
IR-0365;0.83;0.62;0.56;0.0022;0.01;0.4482;0.0034;45;0.0037;0.0006;7;0.008;0.0045;0.0032;0.0127
IR-0366;0.71;0.57;0.34;0.0071;0.014;0.0325;0.0047;23;0.0005;0.0005;1;0.007;0.0015;0.0024;0.0996
IR-0367;0.24;0.75;0.47;0.0088;0.011;0.4089;0.005;8;0.0031;0.0005;3;0.008;0.0012;0.0037;0.0427
IR-0368;0.97;0.6;0.6;0.0057;0.012;0.3289;0.0035;30;0.0026;0.0032;1;0.009;0.004;0.0035;0.0871
IR-0369;0.2;0.83;0.14;0.0068;0.011;0.3778;0.0034;38;0.003;0.0023;6;0.009;0.0023;0.0014;0.0066
IR-0370;1.08;0.33;0.54;0.0066;0.012;0.1742;0.0033;28;0.0025;0.0008;3;0.008;0.0042;0.0046;0.0328
IR-0371;0.77;0.89;0.34;0.0088;0.011;0.8211;0.0037;37;0.0004;0.0034;4;0.009;0.0015;0.001;0.0358
IR-0372;0.46;0.62;0.44;0.0035;0.009;0.5227;0.0043;26;0.0028;0.0018;4;0.007;0.0028;0.0017;0.0042
IR-0373;1.08;0.56;0.64;0.0028;0.005;0.4141;0.0043;26;0.0003;0.0015;6;0.007;0.0019;0.0025;0.0415
IR-0374;0.73;0.4;0.14;0.0043;0.005;0.4591;0.0034;10;0.0022;0.0016;5;0.005;0.0022;0.0041;0.0913
IR-0375;0.4;0.84;0.15;0.0018;0.009;0.8122;0.0042;42;0.0039;0.0035;2;0.007;0.0024;0.0031;0.09
IR-0376;0.24;0.74;0.9;0.005;0.006;0.5382;0.0053;23;0.0031;0.0039;3;0.007;0.0005;0.0008;0.017
IR-0377;0.45;0.39;0.99;0.0033;0.009;0.704;0.0032;49;0.0005;0.0018;5;0.005;0.0034;0.0043;0.0106
IR-0378;0.7;0.27;0.87;0.0098;0.013;0.5708;0.0038;35;0.002;0.0026;5;0.008;0.0033;0.0015;0.074
IR-0379;0.71;0.66;0.74;0.005;0.007;0.4362;0.0035;4;0.0038;0.0007;8;0.009;0.0043;0.0049;0.0137
IR-0380;1.03;0.44;0.31;0.0036;0.006;0.1122;0.0051;45;0.0025;0.0031;6;0.009;0.0011;0.0033;0.0209
IR-0381;0.42;0.59;0.26;0.0061;0.011;0.0754;0.0035;29;0.0039;0.0021;6;0.009;0.0044;0.002;0.0403
IR-0382;1.07;0.81;0.13;0.0034;0.012;0.739;0.0044;27;0.0004;0.0036;2;0.006;0.0026;0.0008;0.0954
IR-0383;0.81;0.4;0.43;0.0098;0.007;0.0505;0.0049;14;0.0036;0.0021;4;0.005;0.0037;0.0046;0.0831
IR-0384;0.16;0.85;0.54;0.0074;0.011;0.0487;0.0037;41;0.0008;0.0024;6;0.006;0.0036;0.0049;0.0307
IR-0385;0.79;0.8;0.53;0.0034;0.009;0.3736;0.0031;5;0.0037;0.0029;1;0.005;0.0029;0.0014;0.0942
IR-0386;0.78;0.72;0.65;0.0083;0.011;0.1302;0.005;22;0.0012;0.0014;6;0.009;0.0026;0.0034;0.0987
IR-0387;0.42;0.87;0.55;0.007;0.005;0.952;0.0037;48;0.0035;0.0029;4;0.007;0.0016;0.0024;0.0326
IR-0388;0.53;0.74;0.9;0.0044;0.008;0.936;0.0046;12;0.0018;0.0022;3;0.005;0.0009;0.0014;0.0097
IR-0389;0.72;0.48;0.12;0.0069;0.012;0.1796;0.004;15;0.0032;0.0032;7;0.007;0.0019;0.0028;0.0845
IR-0390;0.51;0.49;0.55;0.0077;0.012;0.3533;0.0039;40;0.0024;0.0034;5;0.009;0.0019;0.0005;0.0006
IR-0391;0.21;0.36;0.84;0.0014;0.011;0.9674;0.0047;4;0.0032;0.0027;6;0.008;0.0027;0.0021;0.046
IR-0392;0.94;0.49;0.9;0.0095;0.005;0.3037;0.0052;7;0.0014;0.0027;5;0.009;0.0023;0.0006;0.0447
IR-0393;0.64;0.84;0.47;0.0089;0.013;0.0643;0.0035;22;0.0007;0.0015;3;0.008;0.0025;0.0049;0.0759
IR-0394;0.35;0.69;0.79;0.0045;0.005;0.4195;0.004;5;0.0005;0.0022;3;0.008;0.0048;0.0025;0.0067
IR-0395;0.79;0.51;0.35;0.0019;0.006;0.8845;0.0044;7;0.0004;0.0012;3;0.009;0.0006;0.0011;0.062
IR-0396;1;0.43;0.52;0.0076;0.014;0.784;0.0049;44;0.0017;0.0036;8;0.007;0.0045;0.0008;0.0482
IR-0397;0.55;0.36;0.43;0.0058;0.007;0.4172;0.003;33;0.0012;0.0036;3;0.009;0.0025;0.001;0.0667
IR-0398;1;0.75;0.58;0.0037;0.011;0.3125;0.0049;22;0.0035;0.0008;3;0.009;0.0017;0.0024;0.0055
IR-0399;1.15;0.49;0.19;0.0054;0.012;0.8634;0.0042;45;0.0034;0.0017;8;0.009;0.0035;0.0042;0.0565
IR-0400;0.95;0.31;0.46;0.0063;0.006;0.8181;0.0036;33;0.0003;0.0021;4;0.008;0.003;0.0046;0.0922
IR-0401;0.53;0.42;0.17;0.0032;0.011;0.4566;0.003;35;0.0016;0.0008;6;0.009;0.0029;0.004;0.0621
IR-0402;1.16;0.79;0.54;0.0085;0.012;0.9471;0.0037;39;0.0014;0.003;4;0.007;0.0021;0.0032;0.0125
IR-0403;0.61;0.74;0.32;0.0048;0.012;0.7989;0.0049;26;0.0009;0.0032;4;0.008;0.0018;0.003;0.0685
IR-0404;0.92;0.53;0.42;0.0094;0.009;0.7345;0.0048;27;0.0008;0.0034;2;0.006;0.0049;0.0017;0.0731
IR-0405;0.64;0.81;0.77;0.0049;0.005;0.5801;0.0052;24;0.0013;0.0013;7;0.006;0.0023;0.0016;0.0563
IR-0406;0.61;0.49;0.14;0.0038;0.013;0.2785;0.0048;37;0.0028;0.0012;4;0.006;0.0044;0.0011;0.0792
IR-0407;0.73;0.51;0.65;0.002;0.013;0.6167;0.0054;14;0.001;0.0019;3;0.006;0.0049;0.0048;0.0316
IR-0408;0.39;0.57;0.58;0.0058;0.014;0.2943;0.003;21;0.0003;0.0032;2;0.007;0.0014;0.0022;0.0368
IR-0409;0.34;0.35;0.63;0.0049;0.007;0.8322;0.0033;15;0.0027;0.0016;2;0.006;0.0032;0.0032;0.0882
IR-0410;0.18;0.59;0.86;0.0092;0.008;0.8302;0.0052;20;0.0036;0.0016;5;0.005;0.0038;0.0027;0.0043
IR-0411;0.54;0.78;0.23;0.006;0.005;0.5718;0.0034;4;0.0023;0.0006;5;0.006;0.0049;0.0009;0.073
IR-0412;0.62;0.51;0.43;0.0053;0.008;0.2962;0.0054;13;0.0023;0.0014;6;0.006;0.0027;0.0037;0.0487
IR-0413;0.64;0.29;0.89;0.0034;0.007;0.3031;0.0053;39;0.0016;0.0019;8;0.009;0.0041;0.0035;0.0974
IR-0414;0.39;0.51;0.29;0.0093;0.014;0.9351;0.0031;5;0.0006;0.001;1;0.007;0.0037;0.002;0.0384
IR-0415;0.48;0.54;0.75;0.0032;0.007;0.2149;0.005;5;0.0039;0.0029;1;0.008;0.0005;0.0038;0.0679
IR-0416;0.14;0.57;0.92;0.0075;0.013;0.6916;0.0032;29;0.0031;0.0019;6;0.008;0.0048;0.0035;0.09
IR-0417;0.18;0.36;0.43;0.0053;0.014;0.3678;0.0049;10;0.0014;0.0037;4;0.009;0.0033;0.0023;0.0627
IR-0418;0.77;0.43;0.65;0.0068;0.006;0.4572;0.0031;39;0.0021;0.0035;7;0.005;0.0042;0.0015;0.0694
IR-0419;0.83;0.71;0.51;0.0089;0.008;0.7706;0.0052;47;0.001;0.0029;4;0.008;0.001;0.0013;0.0946
IR-0420;0.66;0.32;0.86;0.004;0.007;0.4092;0.0038;30;0.0027;0.003;2;0.009;0.0023;0.0028;0.0527
IR-0421;1.08;0.39;0.24;0.0038;0.008;0.6432;0.004;49;0.002;0.0027;3;0.007;0.0007;0.0042;0.0848
IR-0422;0.99;0.37;0.95;0.0065;0.013;0.3219;0.0042;48;0.0035;0.0014;8;0.007;0.0005;0.0043;0.0975
IR-0423;0.63;0.78;0.68;0.0046;0.013;0.5098;0.004;28;0.0024;0.0014;5;0.007;0.0014;0.0032;0.048
IR-0424;1.15;0.57;0.15;0.009;0.005;0.7139;0.0041;26;0.0023;0.0034;7;0.009;0.0025;0.0019;0.0176
IR-0425;0.27;0.48;0.41;0.0085;0.008;0.6146;0.0035;46;0.0027;0.0038;4;0.007;0.002;0.0049;0.0862
IR-0426;1.15;0.45;0.56;0.0054;0.011;0.3832;0.0051;9;0.001;0.0027;6;0.005;0.0043;0.0034;0.0492
IR-0427;1;0.66;0.88;0.0017;0.005;0.2762;0.004;30;0.0019;0.003;5;0.007;0.0029;0.0036;0.0895
IR-0428;0.42;0.77;0.56;0.0085;0.014;0.3903;0.003;30;0.001;0.0031;7;0.005;0.0019;0.0041;0.0534
IR-0429;0.33;0.71;0.18;0.0075;0.014;0.9468;0.0053;8;0.0034;0.001;5;0.005;0.003;0.0039;0.0295
IR-0430;0.22;0.43;0.56;0.006;0.006;0.2136;0.0044;11;0.0018;0.0033;8;0.005;0.0019;0.0008;0.0261
IR-0431;0.75;0.28;0.9;0.0037;0.007;0.3793;0.005;48;0.0007;0.0005;3;0.005;0.0041;0.0018;0.0557
IR-0432;0.29;0.46;0.77;0.0064;0.01;0.5184;0.0047;21;0.0038;0.0038;6;0.007;0.0046;0.0036;0.0422
IR-0433;0.34;0.86;0.12;0.0064;0.005;0.552;0.0043;26;0.0022;0.0029;6;0.009;0.0031;0.0024;0.0902
IR-0434;0.83;0.75;0.47;0.0054;0.009;0.2739;0.0043;46;0.0033;0.0008;4;0.006;0.0007;0.0015;0.0557
IR-0435;0.15;0.49;0.59;0.0028;0.01;0.2465;0.0033;25;0.0003;0.0009;8;0.007;0.0016;0.0023;0.0984
IR-0436;1.17;0.36;0.43;0.0039;0.009;0.3139;0.004;18;0.0031;0.0019;3;0.007;0.0016;0.0007;0.0177
IR-0437;0.34;0.62;0.47;0.005;0.007;0.1024;0.004;43;0.0019;0.0011;1;0.007;0.0005;0.0007;0.0611
IR-0438;1.09;0.2;0.32;0.002;0.014;0.247;0.0047;28;0.0019;0.0005;1;0.006;0.0027;0.0009;0.0358
IR-0439;0.63;0.69;0.2;0.0021;0.005;0.5814;0.0038;14;0.0023;0.0019;5;0.006;0.0038;0.0021;0.0826
IR-0440;0.69;0.48;0.36;0.0089;0.008;0.2933;0.0049;15;0.0031;0.0019;6;0.006;0.0029;0.0043;0.0605
IR-0441;0.44;0.58;0.79;0.0097;0.006;0.0637;0.0036;9;0.0036;0.0037;5;0.006;0.0015;0.0034;0.0498
IR-0442;0.34;0.28;0.38;0.0044;0.014;0.967;0.0051;29;0.0015;0.0021;7;0.008;0.0008;0.0045;0.0531
IR-0443;0.7;0.32;0.68;0.0062;0.005;0.5505;0.0031;12;0.0037;0.0014;2;0.007;0.0037;0.0044;0.0688
IR-0444;1.17;0.72;0.46;0.0098;0.005;0.2775;0.0035;19;0.0029;0.0013;3;0.009;0.0031;0.0047;0.0207
IR-0445;0.93;0.37;0.96;0.009;0.009;0.1689;0.0052;20;0.0022;0.0018;7;0.006;0.0014;0.0048;0.0544
IR-0446;0.58;0.68;0.96;0.0053;0.005;0.2689;0.0052;6;0.003;0.0012;8;0.008;0.0027;0.0028;0.0718
IR-0447;0.9;0.42;0.66;0.0083;0.005;0.8054;0.0054;24;0.002;0.0036;3;0.008;0.0027;0.001;0.0348
IR-0448;0.37;0.26;0.53;0.0071;0.013;0.5046;0.0042;17;0.0031;0.0012;6;0.009;0.0027;0.0041;0.0978
IR-0449;0.38;0.26;0.52;0.002;0.013;0.9133;0.0051;12;0.0015;0.0018;1;0.008;0.0038;0.0013;0.039
IR-0450;0.8;0.78;0.47;0.007;0.013;0.3312;0.0047;47;0.0008;0.0028;4;0.007;0.0019;0.0016;0.0347
IR-0451;0.56;0.78;0.55;0.0077;0.007;0.8988;0.0054;34;0.0006;0.002;8;0.007;0.0033;0.0027;0.003
IR-0452;0.29;0.82;0.95;0.0064;0.006;0.0857;0.0036;15;0.0022;0.0019;3;0.007;0.0026;0.0005;0.0625
IR-0453;1.03;0.85;0.68;0.0076;0.01;0.3803;0.0041;20;0.0026;0.0013;5;0.008;0.0035;0.0022;0.02
IR-0454;0.16;0.38;0.53;0.0044;0.007;0.2731;0.004;47;0.0026;0.0017;6;0.007;0.0024;0.001;0.0427
IR-0455;0.9;0.31;0.72;0.0084;0.009;0.822;0.0037;45;0.0038;0.001;6;0.005;0.0035;0.004;0.0481
IR-0456;0.37;0.58;0.54;0.0053;0.014;0.8321;0.003;49;0.0035;0.0021;3;0.005;0.0036;0.0047;0.0842
IR-0457;1;0.63;0.97;0.0018;0.009;0.4157;0.0049;26;0.0031;0.0037;6;0.007;0.0019;0.0007;0.075
IR-0458;0.33;0.89;0.47;0.0094;0.005;0.8254;0.0052;10;0.0025;0.0026;7;0.005;0.0037;0.0043;0.0924
IR-0459;0.72;0.67;0.62;0.0064;0.007;0.4596;0.0046;18;0.0003;0.0028;5;0.005;0.0025;0.0022;0.0711
IR-0460;0.33;0.61;0.59;0.0046;0.011;0.3162;0.0051;37;0.001;0.0026;5;0.005;0.0012;0.0026;0.0906
IR-0461;0.9;0.61;0.68;0.0037;0.012;0.7431;0.004;35;0.0012;0.0009;2;0.009;0.0048;0.0031;0.0094
IR-0462;1.09;0.49;0.83;0.0076;0.008;0.2883;0.0043;19;0.0015;0.001;3;0.007;0.0039;0.0022;0.017
IR-0463;0.18;0.84;0.51;0.0053;0.014;0.1327;0.0031;17;0.0031;0.0038;5;0.009;0.0023;0.0038;0.0592
IR-0464;0.69;0.7;0.31;0.0049;0.01;0.6931;0.0036;24;0.0011;0.0023;5;0.007;0.0033;0.0047;0.0131
IR-0465;0.18;0.53;0.5;0.0077;0.01;0.8771;0.0045;38;0.0022;0.0032;4;0.005;0.0025;0.004;0.0139
IR-0466;0.86;0.58;0.27;0.0064;0.013;0.2342;0.0043;32;0.0036;0.0033;3;0.005;0.0026;0.0033;0.0899
IR-0467;0.88;0.8;0.85;0.0097;0.009;0.8625;0.0035;31;0.0035;0.0015;7;0.007;0.0017;0.0026;0.0922
IR-0468;0.69;0.37;0.36;0.0066;0.011;0.5099;0.004;9;0.0018;0.0011;1;0.009;0.0015;0.0048;0.0569
IR-0469;0.52;0.6;0.14;0.0035;0.009;0.3185;0.0042;49;0.0034;0.0017;1;0.006;0.0024;0.0033;0.0667
IR-0470;1.01;0.65;0.78;0.0067;0.007;0.5128;0.0047;16;0.0033;0.0037;7;0.009;0.0039;0.0026;0.0263
IR-0471;0.9;0.79;0.3;0.0079;0.009;0.6539;0.003;17;0.0034;0.0005;2;0.008;0.0031;0.0023;0.0491
IR-0472;0.92;0.6;0.12;0.0065;0.012;0.0854;0.005;21;0.0034;0.0017;2;0.007;0.0011;0.0046;0.0172
IR-0473;0.99;0.82;0.16;0.0045;0.01;0.6488;0.0052;29;0.0005;0.003;7;0.005;0.0031;0.0006;0.0929
IR-0474;0.94;0.53;0.13;0.0047;0.007;0.8597;0.0053;31;0.0008;0.0016;1;0.006;0.0041;0.0018;0.0018
IR-0475;0.72;0.38;0.43;0.0086;0.007;0.8279;0.0046;39;0.0029;0.0032;2;0.008;0.0046;0.002;0.0527
IR-0476;0.9;0.24;0.86;0.0041;0.007;0.9718;0.0047;18;0.0023;0.0023;8;0.006;0.0038;0.0049;0.0805
IR-0477;0.86;0.22;0.89;0.0037;0.01;0.4392;0.0035;18;0.0006;0.0019;5;0.009;0.0005;0.0028;0.021
IR-0478;0.77;0.6;0.97;0.0084;0.005;0.6383;0.0045;26;0.0023;0.0005;1;0.006;0.0029;0.0014;0.0958
IR-0479;0.42;0.38;0.15;0.0068;0.007;0.7974;0.0043;46;0.0014;0.0009;2;0.008;0.0023;0.0014;0.066
IR-0480;0.42;0.4;0.78;0.0092;0.012;0.4807;0.0034;21;0.0008;0.0034;3;0.009;0.0038;0.0039;0.0824
IR-0481;0.13;0.56;0.97;0.0026;0.011;0.2555;0.0035;12;0.0029;0.0023;2;0.005;0.0039;0.002;0.0348
IR-0482;1.1;0.88;0.14;0.0067;0.005;0.0345;0.0051;8;0.0008;0.0007;3;0.007;0.0035;0.0036;0.0106
IR-0483;1.07;0.73;0.95;0.0089;0.008;0.1999;0.0038;19;0.0007;0.0022;2;0.005;0.0013;0.0018;0.0837
IR-0484;0.35;0.37;0.43;0.0068;0.012;0.0457;0.0035;47;0.0035;0.0006;2;0.009;0.0027;0.0012;0.0747
IR-0485;0.52;0.42;0.31;0.0039;0.006;0.2977;0.0047;31;0.0035;0.0028;4;0.005;0.0035;0.0042;0.005
IR-0486;0.9;0.59;0.62;0.0076;0.012;0.2232;0.0035;49;0.0033;0.0005;2;0.005;0.0029;0.0019;0.048
IR-0487;1.15;0.79;0.74;0.0061;0.007;0.8156;0.0052;14;0.0036;0.0038;6;0.005;0.001;0.0011;0.0071
IR-0488;0.22;0.82;0.83;0.0047;0.01;0.0015;0.0046;22;0.0009;0.0033;3;0.005;0.0029;0.0022;0.0447
IR-0489;0.8;0.23;0.58;0.0036;0.007;0.4055;0.0041;20;0.0029;0.0039;6;0.008;0.001;0.002;0.0388
IR-0490;0.43;0.74;0.96;0.0047;0.007;0.6941;0.0033;8;0.0005;0.001;6;0.008;0.0048;0.0025;0.016
IR-0491;0.42;0.5;0.83;0.0073;0.011;0.2357;0.004;29;0.0026;0.0034;1;0.007;0.0009;0.0028;0.0034
IR-0492;0.68;0.64;0.83;0.0042;0.013;0.7607;0.0044;15;0.0012;0.002;4;0.006;0.0047;0.0043;0.0212
IR-0493;1;0.73;0.43;0.0048;0.01;0.3134;0.0036;45;0.0008;0.0024;6;0.007;0.001;0.0033;0.0011
IR-0494;0.22;0.84;0.3;0.0042;0.009;0.6754;0.0033;24;0.002;0.0019;5;0.009;0.0049;0.0009;0.0877
IR-0495;0.47;0.6;0.84;0.0016;0.01;0.1327;0.0036;33;0.0038;0.0032;7;0.006;0.0042;0.004;0.0206
IR-0496;1;0.41;0.63;0.0081;0.012;0.3637;0.003;11;0.0006;0.0032;2;0.007;0.0036;0.0045;0.0683
IR-0497;0.27;0.45;0.93;0.0092;0.012;0.5807;0.0044;43;0.0031;0.0019;4;0.009;0.0018;0.0018;0.0391
IR-0498;0.97;0.65;0.49;0.0052;0.012;0.3638;0.0049;32;0.0005;0.0013;3;0.005;0.001;0.0026;0.0277
IR-0499;0.92;0.66;0.32;0.0048;0.012;0.206;0.0053;25;0.0032;0.0005;7;0.005;0.0037;0.0026;0.022
IR-0500;1.17;0.36;0.18;0.0034;0.005;0.1071;0.0044;21;0.0026;0.0037;6;0.005;0.0036;0.0039;0.0843
IR-0501;1;0.25;0.31;0.0051;0.006;0.8227;0.0046;14;0.0032;0.0035;2;0.008;0.0025;0.0022;0.0602
IR-0502;0.85;0.42;0.69;0.0068;0.005;0.975;0.0039;19;0.0038;0.003;6;0.006;0.0015;0.0015;0.0405
IR-0503;0.57;0.64;0.88;0.0096;0.012;0.6639;0.0043;10;0.0038;0.0033;6;0.005;0.0013;0.0014;0.0797
IR-0504;0.22;0.37;0.58;0.0037;0.005;0.5994;0.0043;22;0.0006;0.0035;8;0.007;0.0038;0.0005;0.0259
IR-0505;0.56;0.34;0.44;0.0061;0.008;0.1518;0.0052;49;0.0036;0.0028;6;0.007;0.0006;0.0025;0.0991
IR-0506;0.25;0.22;0.72;0.0087;0.005;0.4349;0.0048;14;0.0007;0.0005;1;0.005;0.0006;0.0039;0.0301
IR-0507;0.11;0.69;0.33;0.0066;0.012;0.7877;0.0051;23;0.0024;0.0035;8;0.007;0.0037;0.0048;0.0114
IR-0508;0.9;0.26;0.1;0.0074;0.007;0.4227;0.0054;36;0.0031;0.0017;4;0.007;0.0032;0.0015;0.0456
IR-0509;0.53;0.67;0.87;0.0092;0.01;0.4826;0.004;38;0.001;0.0007;1;0.005;0.0014;0.0014;0.0375
IR-0510;0.52;0.28;0.48;0.0097;0.006;0.0772;0.003;31;0.0023;0.0017;6;0.005;0.0008;0.0032;0.0136
IR-0511;0.35;0.39;0.24;0.0087;0.007;0.9883;0.005;41;0.0032;0.0034;8;0.009;0.0019;0.0032;0.0631
IR-0512;0.45;0.53;0.21;0.0049;0.008;0.5262;0.0043;25;0.0003;0.0015;7;0.008;0.0011;0.0025;0.0662
IR-0513;0.45;0.68;0.27;0.0015;0.013;0.2862;0.0052;20;0.0013;0.0036;2;0.005;0.0011;0.0035;0.0419
IR-0514;0.15;0.49;0.39;0.0063;0.006;0.2592;0.0046;6;0.0024;0.0021;8;0.009;0.0035;0.0049;0.0962
IR-0515;0.74;0.85;0.79;0.0043;0.005;0.254;0.0048;44;0.0012;0.0012;6;0.005;0.002;0.0023;0.0921
IR-0516;0.74;0.42;0.51;0.0016;0.011;0.1178;0.0034;36;0.0022;0.002;6;0.008;0.0017;0.0027;0.0467
IR-0517;0.4;0.82;0.63;0.0078;0.008;0.9019;0.0046;31;0.0018;0.0032;7;0.008;0.0028;0.0027;0.0358
IR-0518;0.52;0.59;0.36;0.0068;0.012;0.6462;0.0044;26;0.0023;0.0033;5;0.008;0.002;0.0022;0.0231
IR-0519;0.25;0.33;0.72;0.0017;0.01;0.8734;0.0041;41;0.001;0.0037;1;0.007;0.0046;0.0043;0.0468
IR-0520;0.28;0.31;0.8;0.0094;0.013;0.3082;0.004;6;0.0031;0.0015;3;0.006;0.004;0.0005;0.066
IR-0521;0.27;0.61;0.54;0.0029;0.009;0.8;0.005;35;0.0024;0.0018;7;0.005;0.0039;0.0041;0.0527
IR-0522;0.41;0.63;0.31;0.0018;0.011;0.5555;0.0049;38;0.0025;0.0028;1;0.006;0.0037;0.0023;0.0944
IR-0523;0.8;0.61;0.2;0.0029;0.007;0.3524;0.003;20;0.0025;0.0033;8;0.007;0.0017;0.0025;0.0458
IR-0524;1.19;0.74;0.75;0.0022;0.008;0.8717;0.0052;49;0.0018;0.0016;5;0.008;0.0027;0.0022;0.0148
IR-0525;0.81;0.5;0.9;0.0078;0.009;0.6848;0.0045;46;0.0005;0.0013;7;0.005;0.0038;0.0018;0.0012
IR-0526;0.74;0.8;0.84;0.0049;0.009;0.1332;0.0052;9;0.0027;0.0014;3;0.008;0.0025;0.0006;0.0017
IR-0527;0.54;0.35;0.49;0.0051;0.005;0.9411;0.0041;25;0.001;0.0012;8;0.008;0.0032;0.0041;0.0521
IR-0528;0.34;0.48;0.78;0.0018;0.007;0.7384;0.0047;38;0.0027;0.002;1;0.007;0.0039;0.001;0.0815
IR-0529;0.44;0.2;0.7;0.0087;0.013;0.0325;0.0054;25;0.0035;0.0027;4;0.006;0.0005;0.0049;0.0969
IR-0530;0.81;0.87;0.43;0.0039;0.007;0.8034;0.0052;23;0.0016;0.0009;3;0.007;0.0043;0.0013;0.0094
IR-0531;0.29;0.76;0.93;0.0071;0.01;0.1588;0.0051;32;0.0016;0.0017;1;0.009;0.0007;0.0045;0.0278
IR-0532;1.15;0.22;0.78;0.0072;0.007;0.8295;0.0049;13;0.0038;0.0013;3;0.007;0.0032;0.0009;0.0351
IR-0533;1.15;0.81;0.8;0.0025;0.013;0.5981;0.0034;28;0.0008;0.0035;3;0.009;0.0006;0.0021;0.0672
IR-0534;1.17;0.48;0.86;0.0054;0.008;0.2524;0.0047;20;0.0018;0.0026;2;0.005;0.0044;0.0014;0.0598
IR-0535;1.17;0.2;0.47;0.0021;0.008;0.986;0.0049;40;0.0003;0.0017;3;0.007;0.0039;0.003;0.0724
IR-0536;0.31;0.8;0.14;0.0053;0.007;0.0597;0.0037;21;0.0028;0.0011;5;0.008;0.002;0.0024;0.0412
IR-0537;0.73;0.37;0.21;0.0068;0.012;0.2967;0.0046;41;0.0017;0.0036;6;0.007;0.0009;0.0031;0.0182
IR-0538;1.08;0.73;0.77;0.0018;0.007;0.9794;0.0045;7;0.0012;0.0014;1;0.007;0.004;0.0007;0.0142
IR-0539;0.27;0.39;0.86;0.0045;0.007;0.2419;0.005;9;0.0012;0.0013;4;0.005;0.0044;0.0023;0.0836
IR-0540;0.72;0.33;0.56;0.0062;0.007;0.8619;0.003;24;0.0026;0.0016;3;0.008;0.0048;0.0018;0.0572
IR-0541;1.17;0.24;0.71;0.0084;0.008;0.7492;0.0039;6;0.0023;0.0006;2;0.006;0.0026;0.0019;0.0085
IR-0542;1.18;0.86;0.94;0.0086;0.012;0.1856;0.004;30;0.0016;0.0038;3;0.007;0.0006;0.0042;0.0081
IR-0543;0.29;0.75;0.94;0.0097;0.007;0.6284;0.0035;47;0.001;0.0005;1;0.009;0.0034;0.003;0.0604
IR-0544;0.42;0.35;0.89;0.0098;0.011;0.1604;0.005;29;0.0026;0.0017;2;0.005;0.0045;0.0042;0.096
IR-0545;0.41;0.68;0.12;0.0025;0.006;0.9609;0.0053;47;0.0005;0.0022;1;0.006;0.0034;0.0017;0.0884
IR-0546;0.15;0.88;0.27;0.0058;0.009;0.5897;0.0031;8;0.0033;0.0016;8;0.007;0.0049;0.0008;0.0817
IR-0547;0.67;0.73;0.95;0.0079;0.011;0.0598;0.0033;31;0.0028;0.0013;2;0.008;0.0041;0.0034;0.0469
IR-0548;0.63;0.62;0.85;0.0029;0.01;0.7208;0.0034;45;0.0029;0.002;6;0.005;0.0039;0.0049;0.0975
IR-0549;0.44;0.36;0.72;0.0087;0.014;0.0773;0.003;38;0.001;0.0039;7;0.007;0.0015;0.0038;0.0893
IR-0550;0.43;0.76;0.26;0.0031;0.008;0.4504;0.0043;43;0.0025;0.0008;1;0.006;0.0027;0.0033;0.0207
IR-0551;0.11;0.72;0.49;0.0025;0.012;0.1738;0.0049;43;0.0029;0.0033;8;0.006;0.0044;0.0023;0.0457
IR-0552;0.58;0.52;0.95;0.0091;0.008;0.1424;0.004;42;0.0027;0.0019;5;0.007;0.0007;0.0033;0.0332
IR-0553;0.27;0.67;0.72;0.0057;0.006;0.5556;0.0041;9;0.0007;0.0019;6;0.006;0.0027;0.0046;0.0813
IR-0554;0.22;0.28;0.77;0.0088;0.007;0.2851;0.0039;26;0.0025;0.0026;6;0.007;0.0044;0.0012;0.0108
IR-0555;1.06;0.83;0.1;0.0054;0.014;0.9072;0.0031;46;0.0014;0.0007;6;0.008;0.0031;0.0031;0.0889
IR-0556;0.18;0.53;0.9;0.0042;0.013;0.8049;0.0045;6;0.0028;0.0037;3;0.006;0.0043;0.0035;0.0031
IR-0557;0.54;0.26;0.1;0.0022;0.011;0.9492;0.0034;18;0.0033;0.0019;6;0.008;0.0007;0.0033;0.0863
IR-0558;0.22;0.74;0.89;0.0074;0.007;0.6687;0.0047;26;0.0021;0.0038;3;0.006;0.0045;0.0008;0.0075
IR-0559;0.71;0.26;0.5;0.0068;0.007;0.1829;0.0036;38;0.0039;0.0013;5;0.006;0.0036;0.0022;0.0775
IR-0560;0.44;0.3;0.72;0.0098;0.007;0.9864;0.003;4;0.0022;0.0039;1;0.007;0.001;0.0031;0.0854
IR-0561;0.89;0.34;0.91;0.0057;0.006;0.0354;0.004;41;0.0005;0.0021;6;0.005;0.001;0.0034;0.0786
IR-0562;0.66;0.77;0.36;0.0014;0.007;0.1482;0.0032;9;0.0036;0.0031;3;0.008;0.0034;0.0017;0.0166
IR-0563;1.08;0.26;0.22;0.0031;0.008;0.3179;0.0032;20;0.0039;0.0011;2;0.006;0.0025;0.0015;0.0954
IR-0564;0.94;0.74;0.11;0.009;0.012;0.4263;0.0048;44;0.0025;0.0032;6;0.008;0.0047;0.002;0.0141
IR-0565;0.56;0.89;0.39;0.0086;0.013;0.9089;0.0042;15;0.0034;0.0016;2;0.005;0.0018;0.004;0.0908
IR-0566;1.09;0.39;0.75;0.0099;0.01;0.7763;0.0048;44;0.0038;0.0011;6;0.005;0.0008;0.0049;0.0325
IR-0567;0.14;0.2;0.34;0.0017;0.013;0.7877;0.0042;4;0.0015;0.0035;6;0.008;0.0021;0.0036;0.0779
IR-0568;0.94;0.56;0.85;0.0039;0.011;0.9957;0.0035;4;0.0013;0.0015;3;0.009;0.0044;0.0029;0.0285
IR-0569;0.7;0.29;0.21;0.0095;0.008;0.237;0.0033;41;0.0014;0.0019;1;0.009;0.003;0.0049;0.0943
IR-0570;0.91;0.82;0.68;0.0082;0.008;0.5086;0.0049;44;0.0036;0.0032;5;0.009;0.0047;0.0013;0.011
IR-0571;0.35;0.32;0.62;0.0053;0.006;0.2498;0.0035;40;0.0021;0.0037;1;0.009;0.0036;0.001;0.0223
IR-0572;1.03;0.2;0.74;0.0039;0.013;0.5187;0.0035;19;0.0015;0.0023;1;0.009;0.0013;0.0039;0.0734
IR-0573;1.19;0.24;0.91;0.0082;0.008;0.9693;0.0054;24;0.0004;0.0013;5;0.008;0.0019;0.0029;0.0644
IR-0574;0.86;0.49;0.37;0.0095;0.008;0.8153;0.003;16;0.0034;0.0032;7;0.006;0.0013;0.002;0.0301
IR-0575;0.41;0.22;0.39;0.0089;0.012;0.7522;0.005;5;0.0007;0.0039;1;0.005;0.0028;0.0049;0.0381
IR-0576;1.19;0.31;0.96;0.0076;0.008;0.8854;0.0034;48;0.0017;0.0035;4;0.008;0.0049;0.0028;0.0453
IR-0577;0.83;0.64;0.67;0.0087;0.009;0.5112;0.0053;26;0.0014;0.0025;8;0.006;0.0025;0.0047;0.0016
IR-0578;0.6;0.57;0.61;0.0091;0.005;0.609;0.0038;35;0.0016;0.0032;1;0.006;0.0032;0.0034;0.0954
IR-0579;0.35;0.57;0.56;0.0044;0.012;0.0758;0.0053;28;0.0017;0.001;3;0.009;0.0024;0.003;0.0204
IR-0580;1.05;0.35;0.52;0.0076;0.006;0.931;0.0031;15;0.0007;0.0029;1;0.009;0.0012;0.0047;0.0402
IR-0581;1.05;0.3;0.12;0.0016;0.014;0.3321;0.0054;5;0.001;0.0019;3;0.007;0.0014;0.002;0.0921
IR-0582;0.97;0.51;0.27;0.0074;0.013;0.2116;0.0047;37;0.0032;0.003;8;0.008;0.0023;0.0023;0.0079
IR-0583;0.72;0.42;0.59;0.0048;0.005;0.9994;0.0054;41;0.0027;0.0035;8;0.006;0.0049;0.0044;0.044
IR-0584;0.43;0.46;0.55;0.0076;0.006;0.9787;0.0045;43;0.0023;0.0011;7;0.006;0.001;0.0029;0.027
IR-0585;0.58;0.33;0.7;0.0039;0.012;0.6077;0.0039;11;0.003;0.0033;8;0.007;0.0025;0.0022;0.077
IR-0586;0.76;0.77;0.39;0.004;0.012;0.62;0.0052;30;0.0006;0.003;6;0.007;0.0022;0.0021;0.0901
IR-0587;1.09;0.36;0.66;0.0099;0.01;0.7513;0.0036;40;0.0005;0.0029;1;0.007;0.0027;0.004;0.0878
IR-0588;0.24;0.74;0.91;0.0018;0.008;0.568;0.0049;19;0.002;0.0014;5;0.005;0.004;0.0045;0.0297
IR-0589;0.34;0.52;0.2;0.0094;0.005;0.6026;0.0033;4;0.003;0.0005;4;0.007;0.004;0.0009;0.0611
IR-0590;0.15;0.41;0.36;0.0054;0.005;0.6636;0.0035;10;0.0005;0.0021;1;0.005;0.0017;0.0043;0.0874
IR-0591;0.47;0.29;0.29;0.0075;0.01;0.4436;0.0048;33;0.0022;0.002;8;0.009;0.002;0.0025;0.0187
IR-0592;0.49;0.31;0.96;0.0089;0.005;0.4747;0.0045;4;0.0019;0.0025;5;0.009;0.004;0.0032;0.048
IR-0593;0.44;0.44;0.38;0.0014;0.011;0.9108;0.004;45;0.0009;0.0039;7;0.007;0.0042;0.0045;0.0823
IR-0594;0.23;0.48;0.66;0.0037;0.008;0.2416;0.0053;29;0.0026;0.0028;1;0.006;0.0038;0.001;0.0083
IR-0595;0.27;0.41;0.77;0.0067;0.009;0.5215;0.0034;8;0.0031;0.0039;1;0.005;0.0047;0.0018;0.0433
IR-0596;0.28;0.47;0.97;0.0022;0.011;0.0934;0.0033;33;0.0007;0.0024;3;0.007;0.0024;0.0022;0.0487
IR-0597;0.12;0.88;0.48;0.0037;0.008;0.785;0.003;35;0.0023;0.0017;5;0.007;0.0048;0.0029;0.097
IR-0598;0.34;0.34;0.91;0.0092;0.012;0.4143;0.0031;21;0.0037;0.0022;4;0.005;0.0015;0.004;0.0224
IR-0599;0.24;0.81;0.58;0.0095;0.014;0.9958;0.0035;23;0.0017;0.0029;4;0.008;0.0038;0.0048;0.0535
IR-0600;0.34;0.68;0.65;0.0057;0.005;0.7409;0.0049;18;0.0036;0.0038;5;0.008;0.0007;0.0023;0.0045
IR-0601;0.81;0.42;0.31;0.0017;0.01;0.2236;0.0035;38;0.0003;0.0038;4;0.006;0.0037;0.0039;0.0462
IR-0602;0.51;0.44;0.95;0.0067;0.014;0.9714;0.0037;44;0.0007;0.0006;7;0.009;0.0047;0.0016;0.0925
IR-0603;0.53;0.74;0.86;0.0074;0.011;0.3814;0.0036;41;0.002;0.0023;4;0.007;0.002;0.0014;0.0987
IR-0604;0.7;0.8;0.56;0.0046;0.009;0.2724;0.0041;30;0.0022;0.0027;5;0.005;0.0005;0.0037;0.0078
IR-0605;1.17;0.71;0.17;0.0018;0.008;0.627;0.004;11;0.0026;0.0018;5;0.007;0.0045;0.0025;0.0876
IR-0606;0.85;0.61;0.54;0.0062;0.012;0.935;0.0045;6;0.0022;0.0027;1;0.005;0.0027;0.0039;0.0394
IR-0607;0.43;0.87;0.12;0.008;0.011;0.4996;0.0045;11;0.0034;0.0024;1;0.005;0.0005;0.0013;0.071
IR-0608;0.12;0.25;0.34;0.0044;0.011;0.8451;0.0052;39;0.0027;0.0027;8;0.009;0.0043;0.001;0.0388
IR-0609;0.26;0.35;0.88;0.006;0.012;0.6069;0.0035;28;0.0037;0.0019;4;0.008;0.0021;0.0035;0.0081
IR-0610;0.73;0.86;0.22;0.0081;0.012;0.4296;0.0052;31;0.0006;0.0025;5;0.007;0.0016;0.0039;0.0626
IR-0611;0.3;0.26;0.75;0.0065;0.01;0.4245;0.0045;39;0.0029;0.0016;4;0.005;0.0011;0.0023;0.0009
IR-0612;0.14;0.67;0.53;0.0069;0.007;0.6757;0.0033;12;0.0016;0.003;1;0.008;0.0041;0.0038;0.0364
IR-0613;0.98;0.25;0.19;0.0014;0.006;0.3912;0.003;19;0.0005;0.0034;8;0.007;0.0033;0.0033;0.0876
IR-0614;0.62;0.36;0.25;0.0037;0.006;0.7613;0.0051;12;0.0017;0.003;3;0.005;0.0007;0.0022;0.0509
IR-0615;0.23;0.22;0.98;0.0091;0.007;0.0256;0.0043;27;0.0034;0.0023;1;0.008;0.0044;0.0015;0.0977
IR-0616;0.87;0.88;0.83;0.0099;0.013;0.0971;0.0049;37;0.0027;0.0028;5;0.008;0.0015;0.004;0.0533
IR-0617;0.97;0.84;0.57;0.0072;0.014;0.9616;0.0049;24;0.003;0.0016;8;0.008;0.0036;0.0044;0.0936
IR-0618;0.86;0.85;0.99;0.0047;0.013;0.1958;0.0043;5;0.001;0.0009;4;0.008;0.0007;0.0012;0.0209
IR-0619;0.83;0.26;0.36;0.0086;0.014;0.6849;0.0041;11;0.0032;0.0038;2;0.005;0.0027;0.003;0.0603
IR-0620;1.17;0.38;0.88;0.0081;0.009;0.8985;0.005;21;0.0035;0.0038;7;0.008;0.0024;0.0025;0.0095
IR-0621;0.23;0.49;0.27;0.0085;0.008;0.4516;0.0048;42;0.0005;0.0031;1;0.008;0.0031;0.001;0.0188
IR-0622;0.56;0.66;0.87;0.0099;0.009;0.6199;0.0041;41;0.0027;0.002;3;0.008;0.0005;0.0024;0.0542
IR-0623;1.05;0.51;0.95;0.0051;0.01;0.1588;0.0042;15;0.0024;0.0037;8;0.006;0.0038;0.0043;0.0114
IR-0624;0.92;0.72;0.41;0.0035;0.011;0.2336;0.0038;22;0.0038;0.0019;1;0.005;0.0033;0.0007;0.099
IR-0625;0.54;0.54;0.48;0.0099;0.009;0.9396;0.003;16;0.0022;0.0028;1;0.009;0.0028;0.0049;0.0682
IR-0626;0.82;0.78;0.37;0.005;0.008;0.7998;0.0054;34;0.0014;0.0007;3;0.008;0.0048;0.0026;0.0294
IR-0627;1.04;0.21;0.63;0.0054;0.007;0.7065;0.0051;22;0.0034;0.0038;8;0.007;0.0011;0.0046;0.0608
IR-0628;0.14;0.64;0.33;0.0094;0.005;0.6847;0.0035;26;0.0024;0.0039;6;0.006;0.0017;0.0044;0.0696
IR-0629;0.95;0.23;0.95;0.0029;0.009;0.421;0.003;13;0.0012;0.0005;5;0.006;0.0008;0.0029;0.0342
IR-0630;0.19;0.6;0.55;0.0079;0.006;0.8619;0.0031;11;0.0037;0.0034;8;0.007;0.0029;0.0032;0.0596
IR-0631;0.13;0.5;0.66;0.0083;0.005;0.4633;0.0044;8;0.0025;0.0015;4;0.005;0.0046;0.0021;0.069
IR-0632;0.39;0.58;0.31;0.002;0.006;0.829;0.0049;29;0.0008;0.0032;2;0.008;0.0041;0.0032;0.0439
IR-0633;0.78;0.44;0.27;0.0023;0.012;0.3611;0.0054;27;0.0017;0.0024;6;0.007;0.0033;0.004;0.0994
IR-0634;0.59;0.5;0.49;0.0015;0.01;0.6709;0.0033;6;0.0032;0.0011;1;0.007;0.0018;0.0047;0.0094
IR-0635;0.94;0.55;0.22;0.0019;0.011;0.4058;0.0051;12;0.0014;0.0023;1;0.009;0.0019;0.0009;0.0646
IR-0636;0.1;0.79;0.27;0.0096;0.007;0.4078;0.0048;21;0.0015;0.0032;4;0.009;0.0021;0.0033;0.0961
IR-0637;0.62;0.57;0.28;0.0097;0.011;0.3878;0.0052;24;0.0007;0.0006;2;0.005;0.0011;0.0026;0.0157
IR-0638;0.78;0.76;0.42;0.0034;0.014;0.7986;0.0041;21;0.0021;0.0035;2;0.008;0.0007;0.0033;0.0064
IR-0639;0.73;0.5;0.82;0.007;0.008;0.1024;0.0038;42;0.0036;0.0031;5;0.005;0.0042;0.0016;0.0344
IR-0640;1;0.24;0.38;0.0055;0.009;0.3652;0.0041;12;0.0027;0.0022;7;0.005;0.0035;0.0032;0.0957
IR-0641;0.14;0.75;0.33;0.0047;0.01;0.9962;0.0031;21;0.0026;0.0005;7;0.006;0.0039;0.0007;0.0167
IR-0642;0.97;0.73;0.43;0.0096;0.011;0.4401;0.0031;23;0.0023;0.0023;8;0.008;0.0036;0.0024;0.0115
IR-0643;0.58;0.87;0.21;0.0021;0.006;0.0442;0.0033;47;0.0004;0.0038;3;0.006;0.0017;0.0033;0.0721
IR-0644;0.74;0.57;0.43;0.0097;0.01;0.5365;0.0052;7;0.0013;0.003;6;0.008;0.0021;0.001;0.0406
IR-0645;1.01;0.58;0.37;0.0096;0.008;0.5481;0.0038;13;0.0003;0.0016;6;0.007;0.0017;0.0016;0.0743
IR-0646;1.07;0.79;0.45;0.0074;0.006;0.9643;0.0037;14;0.0026;0.0005;8;0.009;0.0024;0.0006;0.0478
IR-0647;0.23;0.7;0.92;0.0033;0.007;0.4379;0.0038;10;0.0036;0.003;1;0.006;0.0008;0.0031;0.0035
IR-0648;0.83;0.6;0.32;0.0021;0.012;0.5412;0.0052;36;0.0018;0.0035;6;0.009;0.0005;0.0043;0.0967
IR-0649;0.6;0.2;0.69;0.0053;0.005;0.7282;0.0053;10;0.0014;0.002;2;0.009;0.0015;0.0039;0.0752
IR-0650;1.18;0.88;0.22;0.0075;0.014;0.2495;0.0038;31;0.0028;0.0008;1;0.007;0.0028;0.0043;0.0337
IR-0651;0.48;0.62;0.3;0.0017;0.011;0.1938;0.003;43;0.0036;0.0033;4;0.006;0.0026;0.0042;0.0854
IR-0652;1.04;0.3;0.42;0.0031;0.005;0.7993;0.0032;40;0.0015;0.0016;5;0.005;0.0015;0.0049;0.0179
IR-0653;0.75;0.38;0.75;0.008;0.01;0.36;0.0043;22;0.003;0.0016;4;0.008;0.0023;0.0049;0.0255
IR-0654;0.93;0.41;0.33;0.0093;0.005;0.6382;0.0052;40;0.0016;0.002;4;0.005;0.0009;0.004;0.0837
IR-0655;0.24;0.22;0.19;0.007;0.01;0.5645;0.0033;41;0.0015;0.0022;7;0.006;0.0046;0.0037;0.0469
IR-0656;1.13;0.4;0.45;0.0085;0.005;0.491;0.0045;9;0.0004;0.0013;4;0.007;0.0014;0.0012;0.0961
IR-0657;0.9;0.69;0.24;0.0089;0.007;0.8836;0.0041;19;0.0031;0.0033;4;0.005;0.0014;0.0012;0.0193
IR-0658;0.38;0.5;0.2;0.0065;0.012;0.9819;0.0046;39;0.0031;0.0022;6;0.007;0.0044;0.0039;0.0802
IR-0659;0.87;0.33;0.45;0.0045;0.007;0.4714;0.0051;17;0.0012;0.003;2;0.005;0.0023;0.0017;0.0236
IR-0660;0.15;0.58;0.51;0.0037;0.01;0.7649;0.0052;29;0.0012;0.0035;5;0.006;0.0025;0.0005;0.0355
IR-0661;0.8;0.5;0.77;0.0024;0.005;0.8368;0.0033;49;0.0011;0.0017;8;0.005;0.002;0.0012;0.0148
IR-0662;0.96;0.22;0.45;0.0023;0.012;0.9437;0.0041;48;0.0026;0.0022;6;0.008;0.0019;0.0036;0.014
IR-0663;0.33;0.32;0.13;0.002;0.01;0.5664;0.0044;19;0.0026;0.0008;2;0.009;0.0039;0.0009;0.0495
IR-0664;0.38;0.43;0.38;0.0075;0.012;0.7047;0.0041;44;0.0004;0.0038;6;0.009;0.0035;0.0025;0.0053
IR-0665;0.55;0.57;0.46;0.0055;0.011;0.5823;0.0051;43;0.0035;0.0012;1;0.008;0.0039;0.0007;0.0823
IR-0666;0.86;0.85;0.2;0.0095;0.013;0.1764;0.0036;22;0.0004;0.001;5;0.006;0.0038;0.0007;0.0285
IR-0667;0.42;0.86;0.94;0.0041;0.008;0.0778;0.0038;16;0.0036;0.0035;1;0.009;0.0013;0.0021;0.0007
IR-0668;0.75;0.62;0.7;0.0088;0.013;0.0023;0.0048;34;0.0037;0.0039;1;0.009;0.0036;0.0007;0.0426
IR-0669;0.2;0.48;0.8;0.0035;0.013;0.0698;0.0037;41;0.0018;0.0005;1;0.007;0.0013;0.0017;0.0628
IR-0670;0.35;0.8;0.43;0.0088;0.01;0.9604;0.0036;43;0.0023;0.0035;6;0.006;0.0025;0.0009;0.0352
IR-0671;1.01;0.24;0.87;0.0029;0.008;0.0414;0.0041;47;0.0039;0.0022;1;0.008;0.0012;0.0017;0.0312
IR-0672;0.58;0.87;0.32;0.0095;0.01;0.5663;0.0049;35;0.0022;0.0009;5;0.007;0.0021;0.0011;0.0693
IR-0673;0.52;0.71;0.91;0.003;0.011;0.6481;0.0044;18;0.0013;0.0034;3;0.005;0.0005;0.0037;0.0386
IR-0674;0.92;0.78;0.53;0.0025;0.014;0.6331;0.0037;47;0.0017;0.0019;4;0.005;0.0025;0.0031;0.0992
IR-0675;0.1;0.77;0.81;0.0081;0.006;0.7373;0.0042;31;0.0015;0.0018;1;0.005;0.0012;0.0006;0.0708
IR-0676;0.12;0.87;0.34;0.0094;0.013;0.5145;0.0036;41;0.0035;0.0014;2;0.008;0.0018;0.0015;0.0158
IR-0677;0.12;0.48;0.96;0.0022;0.01;0.9876;0.0035;40;0.0038;0.0036;7;0.009;0.0014;0.0009;0.0694
IR-0678;0.35;0.29;0.74;0.0074;0.013;0.9752;0.0045;13;0.0022;0.0031;2;0.006;0.0025;0.0023;0.0228
IR-0679;0.75;0.68;0.65;0.0049;0.008;0.66;0.0046;9;0.0024;0.0034;4;0.009;0.0032;0.0016;0.0128
IR-0680;0.75;0.8;0.27;0.0095;0.009;0.2835;0.0037;20;0.0006;0.003;2;0.005;0.003;0.0011;0.0806
IR-0681;1.01;0.37;0.91;0.0059;0.012;0.8476;0.0048;10;0.0014;0.0032;1;0.005;0.0013;0.0047;0.0571
IR-0682;0.19;0.41;0.55;0.0039;0.005;0.741;0.005;41;0.0018;0.0014;8;0.009;0.0036;0.0019;0.088
IR-0683;0.27;0.25;0.93;0.0061;0.006;0.1544;0.0054;5;0.0003;0.0031;8;0.008;0.0013;0.0006;0.0677
IR-0684;0.76;0.37;0.76;0.0049;0.012;0.295;0.0041;20;0.0038;0.0023;8;0.009;0.0047;0.0042;0.0308
IR-0685;0.87;0.35;0.24;0.0064;0.013;0.734;0.0038;5;0.0031;0.0033;3;0.006;0.0009;0.0023;0.0331
IR-0686;0.24;0.66;0.32;0.0049;0.013;0.1903;0.0042;39;0.0003;0.0029;7;0.006;0.001;0.0034;0.0466
IR-0687;0.61;0.67;0.67;0.0048;0.014;0.0421;0.0037;46;0.0021;0.0012;1;0.007;0.0011;0.0025;0.016
IR-0688;0.4;0.56;0.46;0.0079;0.005;0.8256;0.0039;25;0.0027;0.0013;1;0.007;0.0031;0.0011;0.0198
IR-0689;0.4;0.49;0.18;0.0041;0.007;0.2002;0.0031;10;0.0009;0.0011;5;0.005;0.0049;0.0035;0.0469
IR-0690;0.77;0.42;0.55;0.0014;0.008;0.8997;0.0033;12;0.001;0.0006;1;0.009;0.0034;0.0025;0.0505
IR-0691;0.24;0.61;0.11;0.0095;0.011;0.0769;0.0044;21;0.0015;0.0013;5;0.009;0.0039;0.002;0.0919
IR-0692;0.32;0.85;0.2;0.0096;0.011;0.2551;0.0041;44;0.0031;0.0026;8;0.006;0.0007;0.0029;0.0081
IR-0693;0.63;0.35;0.88;0.0087;0.009;0.6864;0.0053;39;0.0032;0.0038;1;0.009;0.004;0.0008;0.0251
IR-0694;0.36;0.73;0.36;0.0062;0.009;0.4918;0.004;38;0.0017;0.0036;4;0.006;0.0011;0.0048;0.0826
IR-0695;0.44;0.61;0.17;0.0021;0.009;0.3854;0.0035;40;0.0011;0.0011;1;0.005;0.0009;0.0014;0.0852
IR-0696;0.53;0.35;0.71;0.003;0.009;0.6958;0.0032;17;0.0026;0.0031;5;0.009;0.0029;0.0027;0.0227
IR-0697;0.96;0.3;0.15;0.0031;0.013;0.2353;0.0042;21;0.0024;0.0037;6;0.005;0.0013;0.002;0.0478
IR-0698;0.48;0.43;0.66;0.0052;0.014;0.6742;0.003;12;0.0006;0.0022;2;0.005;0.0014;0.0037;0.0537
IR-0699;0.67;0.65;0.29;0.0085;0.01;0.7655;0.0033;12;0.0031;0.0027;3;0.009;0.0015;0.0013;0.0072
IR-0700;0.9;0.64;0.94;0.004;0.014;0.4007;0.0033;34;0.0021;0.0012;6;0.006;0.0041;0.0016;0.0611
IR-0701;0.86;0.3;0.4;0.0073;0.014;0.4954;0.0036;6;0.0034;0.003;1;0.008;0.0024;0.0028;0.0231
IR-0702;1.1;0.24;0.5;0.0039;0.006;0.5415;0.0032;35;0.0014;0.0037;2;0.007;0.0018;0.0049;0.0627
IR-0703;0.17;0.21;0.24;0.0087;0.009;0.79;0.0036;28;0.0015;0.0013;5;0.007;0.0025;0.0017;0.0231
IR-0704;0.46;0.32;0.88;0.0097;0.012;0.1663;0.003;22;0.0023;0.0024;6;0.006;0.0022;0.003;0.0674
IR-0705;0.96;0.4;0.26;0.008;0.013;0.9312;0.0051;34;0.0013;0.0026;1;0.009;0.0011;0.0029;0.0159
IR-0706;0.61;0.83;0.9;0.0089;0.008;0.412;0.0044;8;0.0027;0.001;5;0.008;0.0006;0.0028;0.0852
IR-0707;0.35;0.73;0.44;0.0036;0.014;0.1994;0.0051;8;0.0019;0.0012;2;0.006;0.0038;0.0049;0.0673
IR-0708;0.59;0.29;0.66;0.0024;0.009;0.8069;0.0033;15;0.0006;0.0005;1;0.005;0.0012;0.0043;0.0641
IR-0709;1.05;0.42;0.79;0.0022;0.009;0.4666;0.0037;46;0.0013;0.0038;8;0.009;0.0037;0.003;0.0828
IR-0710;0.88;0.77;0.3;0.0055;0.014;0.2088;0.0044;6;0.0003;0.0017;1;0.007;0.0047;0.0036;0.0627
IR-0711;0.79;0.68;0.96;0.0041;0.008;0.6005;0.0052;15;0.0014;0.0021;1;0.008;0.0014;0.0008;0.0696
IR-0712;0.53;0.81;0.99;0.0031;0.013;0.9255;0.0047;28;0.0007;0.0037;4;0.005;0.002;0.0028;0.0081
IR-0713;1.13;0.69;0.56;0.0038;0.005;0.0043;0.005;25;0.0017;0.0034;3;0.008;0.0023;0.0005;0.0901
IR-0714;0.22;0.72;0.82;0.003;0.007;0.2996;0.004;40;0.0005;0.0007;3;0.009;0.0021;0.0029;0.0125
IR-0715;0.41;0.74;0.11;0.0072;0.011;0.6418;0.0036;25;0.003;0.0037;6;0.008;0.0046;0.0011;0.0065
IR-0716;0.22;0.28;0.74;0.0053;0.014;0.8554;0.004;42;0.0029;0.001;6;0.009;0.0048;0.0039;0.0191
IR-0717;0.91;0.73;0.28;0.0019;0.006;0.8247;0.0043;31;0.0034;0.0038;1;0.006;0.004;0.0024;0.0723
IR-0718;0.27;0.82;0.91;0.006;0.007;0.4218;0.0041;17;0.0014;0.0013;1;0.007;0.0033;0.0043;0.097
IR-0719;0.63;0.77;0.38;0.0059;0.009;0.9695;0.0036;18;0.0026;0.0039;4;0.005;0.0008;0.0036;0.0459
IR-0720;0.83;0.25;0.55;0.0053;0.008;0.6956;0.0042;15;0.0029;0.0026;6;0.006;0.0025;0.0013;0.0432
IR-0721;0.7;0.2;0.1;0.0044;0.008;0.537;0.0041;36;0.0015;0.0025;1;0.007;0.0011;0.0015;0.0736
IR-0722;0.95;0.66;0.98;0.0062;0.014;0.4902;0.005;10;0.0032;0.0036;2;0.009;0.0013;0.0016;0.0065
IR-0723;0.64;0.82;0.47;0.009;0.014;0.9356;0.0049;19;0.0032;0.0009;3;0.005;0.0036;0.0043;0.0518
IR-0724;1.04;0.54;0.99;0.0046;0.012;0.9864;0.0038;42;0.0037;0.0022;4;0.005;0.004;0.0041;0.0236
IR-0725;1.01;0.24;0.68;0.006;0.007;0.5012;0.0036;29;0.0022;0.0029;7;0.008;0.0048;0.0029;0.0507
IR-0726;0.79;0.55;0.82;0.0028;0.008;0.9222;0.0033;12;0.0005;0.0011;3;0.008;0.0018;0.0036;0.0947
IR-0727;0.87;0.46;0.7;0.003;0.009;0.9497;0.0043;48;0.0012;0.0016;2;0.005;0.001;0.0028;0.0936
IR-0728;0.83;0.39;0.44;0.0018;0.012;0.7125;0.0033;10;0.002;0.0028;5;0.006;0.0018;0.0032;0.0028
IR-0729;0.54;0.44;0.26;0.005;0.011;0.5701;0.0045;45;0.0038;0.0028;6;0.005;0.0049;0.0013;0.0229
IR-0730;0.4;0.47;0.13;0.0086;0.007;0.5936;0.0045;33;0.0034;0.001;3;0.008;0.0026;0.0038;0.0372
IR-0731;0.27;0.59;0.21;0.0099;0.009;0.7827;0.0052;15;0.0036;0.0019;8;0.009;0.0005;0.0038;0.0131
IR-0732;0.88;0.21;0.67;0.0053;0.008;0.4922;0.0051;39;0.0024;0.0017;4;0.006;0.0036;0.0026;0.0435
IR-0733;0.41;0.83;0.39;0.0019;0.007;0.1311;0.004;25;0.0012;0.0024;8;0.009;0.0048;0.0023;0.0141
IR-0734;0.35;0.43;0.44;0.0027;0.013;0.4568;0.0047;48;0.0003;0.0028;8;0.009;0.0008;0.0016;0.065
IR-0735;0.63;0.67;0.78;0.0037;0.005;0.0806;0.0044;12;0.0036;0.0027;5;0.009;0.0028;0.0033;0.0977
IR-0736;0.36;0.42;0.71;0.0071;0.006;0.5391;0.0041;34;0.0006;0.0039;6;0.008;0.0009;0.0041;0.0365
IR-0737;0.43;0.6;0.4;0.0077;0.006;0.1265;0.0036;29;0.0034;0.0024;6;0.005;0.0045;0.0045;0.0428
IR-0738;0.69;0.29;0.3;0.0039;0.009;0.7861;0.003;36;0.0021;0.002;4;0.005;0.0017;0.0029;0.0105
IR-0739;0.16;0.71;0.39;0.0081;0.012;0.9632;0.004;16;0.0021;0.0014;3;0.008;0.0032;0.0029;0.0885
IR-0740;0.38;0.27;0.13;0.0073;0.014;0.8569;0.0036;40;0.003;0.003;5;0.006;0.003;0.0049;0.0665
IR-0741;0.97;0.48;0.12;0.0027;0.01;0.2375;0.0033;30;0.0024;0.0006;5;0.007;0.0047;0.003;0.098
IR-0742;0.95;0.78;0.7;0.0064;0.014;0.1104;0.0032;13;0.0025;0.0031;8;0.006;0.0019;0.002;0.0586
IR-0743;0.28;0.84;0.71;0.0082;0.011;0.1472;0.0046;28;0.0037;0.0027;3;0.006;0.0019;0.0047;0.0416
IR-0744;1.11;0.84;0.8;0.0052;0.007;0.4978;0.0042;15;0.0037;0.0031;2;0.005;0.0013;0.0036;0.0373
IR-0745;0.86;0.52;0.74;0.0022;0.006;0.7114;0.0052;35;0.0006;0.0011;3;0.008;0.0035;0.0025;0.0931
IR-0746;0.83;0.75;0.55;0.0037;0.01;0.7831;0.0049;4;0.0004;0.0018;2;0.005;0.003;0.0013;0.044
IR-0747;0.69;0.71;0.74;0.0056;0.005;0.6426;0.0048;41;0.0005;0.0021;2;0.008;0.0013;0.0046;0.0088
IR-0748;0.89;0.7;0.95;0.0071;0.011;0.9806;0.0051;32;0.0013;0.0018;4;0.006;0.0026;0.003;0.0166
IR-0749;0.38;0.44;0.84;0.0021;0.008;0.9115;0.0035;44;0.0037;0.001;5;0.005;0.0013;0.0022;0.0098
IR-0750;0.75;0.79;0.39;0.0053;0.012;0.6259;0.0031;10;0.0038;0.0022;7;0.008;0.0034;0.0021;0.0062
IR-0751;0.1;0.4;0.42;0.0052;0.01;0.4793;0.0052;18;0.0016;0.0035;7;0.007;0.0036;0.0023;0.0792
IR-0752;0.25;0.32;0.43;0.0064;0.009;0.155;0.0046;7;0.0029;0.0037;2;0.009;0.0022;0.0048;0.045
IR-0753;1.16;0.79;0.1;0.0065;0.011;0.2085;0.0033;33;0.0021;0.002;2;0.005;0.0015;0.0012;0.0135
IR-0754;0.72;0.24;0.26;0.0023;0.009;0.0545;0.0052;33;0.0024;0.0032;2;0.008;0.0035;0.0043;0.0468
IR-0755;0.65;0.51;0.48;0.0089;0.014;0.1056;0.0046;16;0.0026;0.0034;3;0.006;0.0019;0.0008;0.0634
IR-0756;0.37;0.5;0.36;0.0065;0.009;0.9282;0.0038;8;0.0038;0.0009;5;0.006;0.0013;0.0045;0.0763
IR-0757;1.11;0.24;0.15;0.0068;0.006;0.4675;0.0044;41;0.0035;0.0015;4;0.008;0.0005;0.0017;0.0734
IR-0758;0.26;0.88;0.35;0.0055;0.009;0.9522;0.0052;14;0.003;0.0027;2;0.009;0.0027;0.0013;0.0215
IR-0759;0.73;0.38;0.42;0.0043;0.006;0.9317;0.003;28;0.0016;0.0028;2;0.007;0.0048;0.0018;0.0383
IR-0760;0.27;0.6;0.88;0.0036;0.008;0.2111;0.0048;28;0.0014;0.0037;6;0.006;0.0026;0.0047;0.0039
IR-0761;0.63;0.38;0.2;0.0091;0.012;0.4106;0.0049;17;0.0022;0.0035;5;0.009;0.0039;0.0023;0.029
IR-0762;0.87;0.68;0.93;0.0055;0.005;0.6605;0.0031;15;0.0026;0.0038;8;0.006;0.0012;0.0008;0.0789
IR-0763;0.89;0.23;0.52;0.0072;0.007;0.447;0.0053;20;0.0017;0.0039;2;0.005;0.0037;0.0042;0.0085
IR-0764;1.19;0.35;0.71;0.0034;0.008;0.3015;0.0053;17;0.0016;0.0029;7;0.006;0.0019;0.0017;0.0604
IR-0765;0.4;0.67;0.86;0.0017;0.011;0.1923;0.0036;18;0.0018;0.0015;4;0.006;0.0018;0.0028;0.0042
IR-0766;0.91;0.8;0.32;0.0017;0.011;0.0306;0.0047;18;0.0025;0.0006;7;0.006;0.002;0.0007;0.0984
IR-0767;0.82;0.4;0.39;0.0035;0.006;0.7662;0.0045;22;0.0033;0.0037;8;0.007;0.0047;0.0008;0.0745
IR-0768;0.83;0.39;0.72;0.0027;0.005;0.8651;0.0054;28;0.0006;0.0039;6;0.009;0.0034;0.0026;0.0405
IR-0769;0.15;0.63;0.89;0.0099;0.014;0.8786;0.0048;10;0.0019;0.0025;4;0.009;0.0045;0.0047;0.0743
IR-0770;1.01;0.46;0.69;0.0024;0.011;0.9027;0.005;14;0.0028;0.0032;7;0.008;0.0041;0.0042;0.0048
IR-0771;0.31;0.42;0.24;0.0055;0.011;0.6768;0.0049;29;0.0027;0.0017;2;0.009;0.0008;0.0018;0.0152
IR-0772;1.05;0.25;0.88;0.0017;0.01;0.5504;0.0038;17;0.0016;0.0011;7;0.008;0.004;0.0036;0.0204
IR-0773;0.82;0.88;0.51;0.0089;0.013;0.6762;0.0053;24;0.0037;0.0017;1;0.005;0.0028;0.0027;0.0554
IR-0774;0.67;0.2;0.61;0.009;0.009;0.7532;0.0039;25;0.0026;0.0006;5;0.008;0.0026;0.0028;0.0046
IR-0775;0.19;0.83;0.76;0.0085;0.013;0.4408;0.0046;18;0.0012;0.0039;8;0.007;0.0011;0.0021;0.0821
IR-0776;0.58;0.74;0.97;0.0032;0.007;0.9485;0.0031;7;0.0013;0.0006;6;0.009;0.0006;0.0015;0.0601
IR-0777;0.24;0.39;0.18;0.009;0.009;0.7862;0.0044;48;0.0017;0.002;6;0.005;0.0029;0.0036;0.0648
IR-0778;0.41;0.26;0.51;0.0026;0.006;0.8451;0.0037;20;0.0037;0.0018;2;0.007;0.0008;0.0041;0.0449
IR-0779;0.35;0.2;0.13;0.0041;0.014;0.745;0.0052;26;0.0026;0.0014;4;0.005;0.0036;0.0017;0.0413
IR-0780;0.39;0.62;0.31;0.0094;0.005;0.9644;0.005;8;0.0008;0.0025;6;0.006;0.0035;0.0012;0.0228
IR-0781;0.53;0.66;0.33;0.0029;0.011;0.4682;0.0037;34;0.0019;0.0028;2;0.007;0.0011;0.0015;0.0439
IR-0782;0.74;0.83;0.16;0.0031;0.011;0.5142;0.0036;44;0.0021;0.0031;1;0.007;0.0034;0.0038;0.0661
IR-0783;0.37;0.72;0.86;0.0053;0.008;0.4422;0.004;22;0.0013;0.0018;3;0.005;0.0013;0.0027;0.0116
IR-0784;0.67;0.8;0.28;0.0037;0.006;0.8302;0.0051;16;0.0032;0.003;1;0.008;0.0012;0.004;0.0951
IR-0785;0.72;0.81;0.65;0.0071;0.005;0.3663;0.0031;22;0.0016;0.0037;1;0.007;0.0036;0.002;0.0021
IR-0786;0.72;0.8;0.51;0.009;0.008;0.9007;0.0043;10;0.0038;0.0039;6;0.007;0.0035;0.0017;0.0777
IR-0787;0.57;0.59;0.59;0.0043;0.005;0.5175;0.005;14;0.0012;0.003;7;0.006;0.0015;0.0015;0.0803
IR-0788;0.67;0.48;0.93;0.0014;0.01;0.9032;0.0051;46;0.0028;0.0024;6;0.008;0.0039;0.0029;0.0195
IR-0789;0.78;0.86;0.11;0.0041;0.008;0.3501;0.0051;36;0.0027;0.0027;5;0.008;0.0022;0.0019;0.0924
IR-0790;0.88;0.69;0.44;0.004;0.009;0.3316;0.005;15;0.0014;0.0025;2;0.007;0.0047;0.0006;0.0821
IR-0791;0.89;0.53;0.66;0.0051;0.005;0.1455;0.0037;33;0.0039;0.0025;8;0.005;0.0029;0.0043;0.0554
IR-0792;0.85;0.42;0.25;0.007;0.009;0.7021;0.0043;13;0.0022;0.0027;4;0.006;0.0047;0.0043;0.0773
IR-0793;0.27;0.79;0.73;0.0043;0.007;0.4335;0.0045;10;0.0021;0.0038;6;0.009;0.0029;0.0025;0.0501
IR-0794;0.58;0.56;0.59;0.0019;0.013;0.214;0.0046;32;0.0021;0.0006;6;0.006;0.0007;0.0025;0.027
IR-0795;0.64;0.83;0.32;0.0082;0.012;0.1464;0.0034;15;0.0027;0.0034;1;0.007;0.0042;0.0048;0.083
IR-0796;0.81;0.37;0.92;0.0061;0.009;0.1092;0.0052;5;0.0005;0.0017;8;0.008;0.0044;0.0005;0.0814
IR-0797;0.14;0.89;0.87;0.0045;0.009;0.8784;0.0053;25;0.0005;0.0029;7;0.006;0.0032;0.0048;0.0492
IR-0798;0.56;0.88;0.25;0.0096;0.013;0.6172;0.004;34;0.0019;0.0028;3;0.005;0.0027;0.0033;0.0993
IR-0799;0.49;0.76;0.81;0.0094;0.01;0.2215;0.0047;23;0.0015;0.0025;4;0.008;0.004;0.0006;0.0382
IR-0800;0.27;0.56;0.72;0.0052;0.007;0.0697;0.004;19;0.0021;0.0022;3;0.007;0.0008;0.004;0.0789
IR-0801;1.05;0.47;0.21;0.0079;0.011;0.3616;0.0032;6;0.0005;0.0021;6;0.005;0.0012;0.0032;0.0978
IR-0802;0.9;0.84;0.71;0.0019;0.005;0.5049;0.0041;35;0.0039;0.0034;4;0.006;0.0048;0.0038;0.0351
IR-0803;0.57;0.56;0.13;0.0066;0.01;0.1814;0.0031;35;0.0026;0.0035;1;0.005;0.0024;0.0037;0.0103
IR-0804;0.92;0.61;0.1;0.003;0.01;0.327;0.0038;27;0.0021;0.0021;2;0.006;0.0006;0.0038;0.0074
IR-0805;0.48;0.48;0.77;0.0097;0.008;0.0741;0.0045;6;0.0015;0.0034;2;0.008;0.0017;0.0047;0.0132
IR-0806;0.81;0.28;0.76;0.0099;0.009;0.4107;0.0047;14;0.0036;0.0012;7;0.007;0.0028;0.0007;0.0564
IR-0807;1.19;0.6;0.77;0.0083;0.012;0.5299;0.0033;8;0.0034;0.003;7;0.005;0.0006;0.0025;0.0034
IR-0808;0.79;0.7;0.64;0.0069;0.014;0.9716;0.0033;20;0.0016;0.0018;8;0.009;0.0009;0.0023;0.0122
IR-0809;0.25;0.45;0.82;0.0084;0.007;0.656;0.0053;5;0.0016;0.0005;1;0.008;0.0028;0.0029;0.0463
IR-0810;0.52;0.56;0.22;0.0057;0.008;0.9182;0.0032;42;0.001;0.0038;3;0.007;0.0013;0.0022;0.0487
IR-0811;0.79;0.26;0.97;0.0067;0.012;0.8355;0.003;12;0.002;0.0033;3;0.006;0.0027;0.0013;0.024
IR-0812;0.1;0.57;0.61;0.0089;0.011;0.48;0.0039;10;0.0027;0.0028;5;0.005;0.0048;0.0011;0.0515
IR-0813;0.5;0.81;0.91;0.0069;0.014;0.1236;0.0052;18;0.0022;0.002;7;0.005;0.0031;0.0011;0.053
IR-0814;0.23;0.82;0.68;0.0031;0.014;0.7343;0.0052;36;0.0018;0.0022;8;0.006;0.0013;0.0018;0.0917
IR-0815;0.86;0.31;0.4;0.0072;0.013;0.2631;0.0035;29;0.0012;0.0024;8;0.006;0.0011;0.0036;0.034
IR-0816;1.12;0.56;0.76;0.0043;0.013;0.9351;0.005;7;0.0008;0.0013;5;0.006;0.0038;0.0016;0.0443
IR-0817;0.1;0.64;0.96;0.0057;0.006;0.8385;0.0053;5;0.0033;0.0019;6;0.009;0.0039;0.0016;0.0653
IR-0818;1.03;0.36;0.64;0.0088;0.01;0.0218;0.0046;23;0.0035;0.0039;1;0.006;0.0026;0.0019;0.0611
IR-0819;0.29;0.53;0.87;0.004;0.014;0.7769;0.005;29;0.0033;0.0019;5;0.006;0.0041;0.002;0.0477
IR-0820;0.61;0.82;0.72;0.0072;0.009;0.3669;0.0051;22;0.0004;0.0033;5;0.005;0.0017;0.0045;0.0951
IR-0821;0.29;0.89;0.5;0.0075;0.013;0.4129;0.0045;5;0.0029;0.003;7;0.005;0.0013;0.0042;0.0455
IR-0822;0.83;0.51;0.26;0.004;0.005;0.5299;0.0053;30;0.0034;0.0019;8;0.005;0.0033;0.0009;0.0186
IR-0823;0.92;0.84;0.65;0.0097;0.012;0.0305;0.0042;19;0.001;0.0021;6;0.009;0.0042;0.0022;0.0703
IR-0824;0.71;0.69;0.15;0.0018;0.007;0.5366;0.005;36;0.0025;0.0018;5;0.006;0.0047;0.0011;0.023
IR-0825;0.19;0.5;0.32;0.002;0.011;0.9973;0.0052;7;0.0035;0.0035;3;0.008;0.0038;0.0036;0.0261
IR-0826;0.34;0.82;0.69;0.002;0.006;0.73;0.0039;24;0.0013;0.0017;6;0.009;0.0047;0.0016;0.0551
IR-0827;0.94;0.64;0.67;0.0055;0.006;0.4706;0.0034;19;0.0026;0.0014;3;0.005;0.0035;0.0049;0.0708
IR-0828;0.41;0.46;0.25;0.0079;0.005;0.29;0.0047;16;0.0003;0.0014;7;0.005;0.0025;0.0037;0.0507
IR-0829;0.54;0.75;0.52;0.0062;0.009;0.6758;0.0037;29;0.0018;0.0035;4;0.007;0.0021;0.0019;0.0608
IR-0830;0.38;0.82;0.24;0.008;0.011;0.7576;0.0035;15;0.0034;0.002;7;0.006;0.0033;0.0026;0.0428
IR-0831;0.46;0.49;0.64;0.004;0.005;0.0284;0.0051;18;0.0018;0.0014;3;0.005;0.0029;0.004;0.0174
IR-0832;0.74;0.66;0.81;0.0018;0.012;0.4535;0.0043;46;0.0035;0.0037;1;0.007;0.0014;0.0043;0.0396
IR-0833;0.44;0.55;0.14;0.0062;0.005;0.8585;0.0036;49;0.0021;0.0022;1;0.008;0.0008;0.001;0.0637
IR-0834;0.75;0.51;0.3;0.0032;0.006;0.8033;0.0049;29;0.0028;0.0013;1;0.009;0.0026;0.0044;0.0706
IR-0835;0.78;0.48;0.25;0.0022;0.013;0.3167;0.0035;49;0.0011;0.0024;3;0.006;0.0028;0.0025;0.0489
IR-0836;1.11;0.24;0.77;0.0083;0.009;0.6597;0.0031;26;0.0025;0.0035;8;0.006;0.0024;0.0013;0.0784
IR-0837;0.82;0.39;0.1;0.0062;0.011;0.8639;0.0035;13;0.0004;0.0027;3;0.006;0.0006;0.0042;0.0327
IR-0838;1.12;0.7;0.22;0.0089;0.011;0.2225;0.0033;27;0.0025;0.0007;7;0.009;0.0015;0.0013;0.0631
IR-0839;0.97;0.28;0.66;0.0033;0.011;0.0267;0.005;6;0.0013;0.0027;2;0.007;0.0046;0.002;0.0635
IR-0840;1.05;0.69;0.68;0.0052;0.011;0.281;0.0054;46;0.0033;0.0018;5;0.005;0.002;0.0009;0.0897
IR-0841;0.49;0.42;0.24;0.0075;0.008;0.7738;0.0039;18;0.0003;0.0027;8;0.008;0.0029;0.0036;0.0184
IR-0842;0.52;0.38;0.59;0.0038;0.007;0.4346;0.0054;10;0.0028;0.0031;3;0.006;0.0049;0.0015;0.0355
IR-0843;0.77;0.55;0.42;0.0094;0.006;0.2701;0.0031;5;0.0005;0.0023;8;0.005;0.0033;0.0034;0.0686
IR-0844;0.51;0.69;0.49;0.005;0.012;0.6196;0.0034;48;0.0027;0.0008;3;0.008;0.0011;0.0044;0.0988
IR-0845;1.02;0.28;0.42;0.0099;0.014;0.6032;0.0052;6;0.0013;0.0036;4;0.006;0.0017;0.002;0.057
IR-0846;0.25;0.84;0.85;0.0033;0.005;0.4903;0.0048;20;0.0015;0.0022;3;0.008;0.0027;0.0041;0.0898
IR-0847;0.5;0.85;0.77;0.0052;0.009;0.1201;0.0035;46;0.0029;0.0039;1;0.008;0.0014;0.0042;0.0487
IR-0848;0.3;0.75;0.37;0.0047;0.009;0.6275;0.0034;6;0.0006;0.0013;8;0.007;0.0042;0.0029;0.0935
IR-0849;0.26;0.35;0.98;0.0097;0.01;0.5782;0.0043;23;0.0011;0.0032;5;0.008;0.0027;0.003;0.0908
IR-0850;1.06;0.71;0.99;0.0072;0.014;0.2932;0.0052;21;0.0018;0.0013;4;0.007;0.002;0.0049;0.0709
IR-0851;0.69;0.75;0.9;0.0099;0.01;0.5628;0.0041;29;0.0003;0.0018;7;0.005;0.0027;0.0005;0.0163
IR-0852;0.8;0.82;0.49;0.0014;0.01;0.1239;0.0049;11;0.0032;0.001;5;0.009;0.0028;0.0007;0.0326
IR-0853;0.8;0.41;0.27;0.0057;0.012;0.1344;0.0035;16;0.0033;0.0035;4;0.005;0.0021;0.0046;0.03
IR-0854;0.56;0.88;0.16;0.0088;0.007;0.5123;0.0043;30;0.002;0.0033;4;0.006;0.0034;0.0047;0.0097
IR-0855;0.51;0.75;0.9;0.0089;0.008;0.7625;0.0049;22;0.0012;0.0023;2;0.007;0.0031;0.0041;0.0518
IR-0856;0.6;0.28;0.16;0.0067;0.008;0.7121;0.0035;5;0.001;0.0018;8;0.008;0.0015;0.0017;0.0562
IR-0857;0.15;0.21;0.13;0.0021;0.007;0.072;0.004;47;0.0033;0.0011;3;0.008;0.0024;0.0046;0.0111
IR-0858;0.35;0.82;0.37;0.007;0.014;0.6249;0.0037;34;0.0019;0.0017;3;0.007;0.0041;0.0013;0.0693
IR-0859;0.62;0.39;0.29;0.0032;0.011;0.6024;0.0039;49;0.0037;0.001;3;0.009;0.0026;0.0038;0.0278
IR-0860;0.79;0.44;0.73;0.0022;0.012;0.9559;0.0044;33;0.0013;0.0014;4;0.005;0.0016;0.0021;0.0936
IR-0861;0.26;0.55;0.5;0.0026;0.012;0.4162;0.0035;40;0.003;0.0025;1;0.009;0.0028;0.0013;0.0602
IR-0862;0.23;0.69;0.92;0.0033;0.007;0.3365;0.0038;44;0.0014;0.003;5;0.008;0.0008;0.0019;0.0203
IR-0863;0.22;0.79;0.25;0.0019;0.013;0.3692;0.0044;20;0.0014;0.0029;7;0.006;0.0037;0.001;0.0034
IR-0864;0.71;0.84;0.23;0.0054;0.013;0.8023;0.0042;40;0.0006;0.0018;2;0.009;0.0008;0.0035;0.0268
IR-0865;0.51;0.79;0.34;0.0067;0.005;0.5156;0.0035;30;0.0031;0.0038;4;0.005;0.0019;0.0007;0.0813
IR-0866;0.23;0.42;0.59;0.007;0.005;0.0952;0.0051;21;0.0032;0.0007;3;0.006;0.0029;0.0031;0.058
IR-0867;0.41;0.6;0.52;0.0063;0.008;0.9565;0.0045;18;0.0027;0.0017;5;0.006;0.0012;0.0017;0.0128
IR-0868;0.19;0.8;0.28;0.0094;0.014;0.4351;0.0044;4;0.0011;0.0017;7;0.006;0.0031;0.0035;0.0743
IR-0869;1.02;0.79;0.32;0.0019;0.014;0.9306;0.0054;24;0.0005;0.0021;3;0.006;0.0043;0.0021;0.0392
IR-0870;0.49;0.73;0.29;0.0027;0.007;0.5886;0.0049;41;0.0007;0.0026;1;0.009;0.0039;0.0007;0.0272
IR-0871;0.34;0.83;0.84;0.0079;0.006;0.6531;0.005;31;0.0031;0.0005;3;0.005;0.0021;0.0023;0.0145
IR-0872;0.41;0.81;0.29;0.0038;0.011;0.719;0.0046;5;0.0009;0.0007;6;0.008;0.0045;0.0032;0.0259
IR-0873;0.69;0.72;0.3;0.0064;0.006;0.4083;0.0037;12;0.0036;0.0035;3;0.005;0.0029;0.0027;0.0276
IR-0874;1.09;0.49;0.55;0.0043;0.013;0.345;0.0049;27;0.0029;0.0024;8;0.008;0.0029;0.0047;0.0698
IR-0875;0.1;0.52;0.53;0.0033;0.014;0.3933;0.0048;7;0.0019;0.0005;4;0.007;0.0037;0.001;0.0778
IR-0876;0.33;0.85;0.61;0.0064;0.013;0.812;0.005;46;0.0011;0.0026;2;0.005;0.0014;0.0042;0.0445
IR-0877;0.81;0.89;0.78;0.0075;0.008;0.7136;0.003;9;0.0003;0.0012;2;0.007;0.0038;0.0016;0.0038
IR-0878;0.92;0.36;0.41;0.0056;0.01;0.8604;0.0051;40;0.0026;0.0032;4;0.007;0.0022;0.0024;0.032
IR-0879;0.1;0.75;0.69;0.0045;0.012;0.5317;0.003;34;0.0036;0.001;3;0.006;0.0017;0.0045;0.0253
IR-0880;0.86;0.58;0.64;0.0069;0.014;0.1103;0.0049;34;0.0032;0.002;5;0.006;0.002;0.0007;0.0937
IR-0881;0.13;0.65;0.53;0.0046;0.006;0.9237;0.003;37;0.0035;0.0017;4;0.005;0.0025;0.0026;0.0175
IR-0882;0.79;0.26;0.33;0.0096;0.011;0.865;0.0032;9;0.0025;0.0035;6;0.006;0.003;0.001;0.0477
IR-0883;0.6;0.34;0.84;0.0066;0.006;0.1704;0.003;38;0.0028;0.0005;6;0.009;0.0009;0.0027;0.0879
IR-0884;0.29;0.76;0.13;0.0043;0.013;0.672;0.0054;20;0.0003;0.0017;2;0.009;0.0011;0.0011;0.0758
IR-0885;1.09;0.51;0.73;0.0065;0.007;0.2248;0.0038;47;0.0003;0.0034;2;0.005;0.0031;0.0023;0.026
IR-0886;0.43;0.37;0.89;0.0041;0.011;0.3011;0.0035;29;0.0017;0.0016;5;0.005;0.0021;0.0048;0.0975
IR-0887;0.31;0.55;0.81;0.0058;0.014;0.9822;0.005;24;0.0038;0.0025;1;0.005;0.0015;0.0032;0.0864
IR-0888;0.13;0.82;0.85;0.0089;0.014;0.4198;0.0038;8;0.0023;0.0039;3;0.006;0.0021;0.0038;0.0537
IR-0889;0.66;0.35;0.66;0.0034;0.006;0.0693;0.0041;4;0.0009;0.0031;1;0.008;0.0029;0.0012;0.0668
IR-0890;0.54;0.84;0.75;0.0064;0.01;0.5516;0.0045;46;0.0004;0.0031;8;0.007;0.0017;0.0016;0.0926
IR-0891;0.61;0.42;0.97;0.0046;0.008;0.6655;0.0032;14;0.0016;0.0021;4;0.006;0.0038;0.0042;0.0347
IR-0892;0.8;0.24;0.18;0.0086;0.009;0.4373;0.0042;19;0.0032;0.0023;2;0.006;0.0018;0.0035;0.0374
IR-0893;0.77;0.59;0.77;0.0029;0.006;0.218;0.0032;22;0.0034;0.0007;7;0.006;0.0047;0.0048;0.0428
IR-0894;0.95;0.29;0.95;0.0016;0.01;0.7987;0.0044;38;0.0015;0.0031;6;0.006;0.0012;0.001;0.0943
IR-0895;0.18;0.61;0.6;0.0095;0.008;0.5559;0.0039;38;0.0025;0.0037;4;0.006;0.0012;0.0047;0.052
IR-0896;1.07;0.78;0.38;0.0066;0.005;0.1016;0.005;16;0.0032;0.0023;8;0.009;0.0038;0.0022;0.0294
IR-0897;0.58;0.55;0.62;0.0078;0.013;0.6262;0.0034;37;0.0023;0.0006;7;0.007;0.0005;0.0029;0.0966
IR-0898;0.42;0.82;0.19;0.0038;0.007;0.8264;0.0043;4;0.0028;0.0026;6;0.008;0.0012;0.0005;0.0087
IR-0899;0.5;0.32;0.55;0.0082;0.007;0.0833;0.0049;10;0.0031;0.0036;4;0.009;0.0032;0.0024;0.0054
IR-0900;0.38;0.22;0.74;0.004;0.014;0.0785;0.0054;24;0.0028;0.002;6;0.007;0.003;0.0041;0.0129
IR-0901;0.68;0.26;0.34;0.0068;0.013;0.8735;0.0036;36;0.0027;0.0016;2;0.007;0.0035;0.0026;0.0296
IR-0902;0.78;0.5;0.69;0.0045;0.014;0.7753;0.0035;6;0.0031;0.0018;4;0.007;0.0008;0.0041;0.0843
IR-0903;0.33;0.63;0.95;0.002;0.007;0.2018;0.0034;22;0.0014;0.0017;7;0.005;0.0016;0.0029;0.0241
IR-0904;0.51;0.52;0.13;0.0096;0.014;0.3678;0.0038;46;0.0032;0.0005;3;0.009;0.0026;0.0027;0.009
IR-0905;0.6;0.71;0.45;0.0042;0.007;0.3652;0.0031;37;0.0027;0.0031;4;0.009;0.0009;0.0006;0.0785
IR-0906;0.87;0.28;0.2;0.0033;0.011;0.0444;0.0042;24;0.001;0.0028;7;0.005;0.0032;0.0033;0.0519
IR-0907;0.8;0.66;0.92;0.0031;0.012;0.8134;0.0041;16;0.0024;0.0009;4;0.007;0.0011;0.0027;0.0979
IR-0908;0.9;0.61;0.67;0.0089;0.01;0.4918;0.0046;6;0.0006;0.0014;3;0.007;0.0039;0.0013;0.0816
IR-0909;1.07;0.84;0.89;0.0075;0.009;0.6504;0.005;17;0.0024;0.0036;1;0.006;0.0031;0.0029;0.0632
IR-0910;0.56;0.55;0.71;0.008;0.005;0.6227;0.0052;47;0.0009;0.0028;7;0.005;0.0039;0.0047;0.0539
IR-0911;0.29;0.66;0.74;0.0081;0.007;0.0222;0.0046;43;0.0013;0.0014;4;0.007;0.0013;0.0038;0.0975
IR-0912;0.69;0.77;0.16;0.009;0.013;0.682;0.004;43;0.0007;0.0036;4;0.009;0.0034;0.0009;0.0626
IR-0913;0.93;0.67;0.88;0.0046;0.009;0.0834;0.0048;45;0.0022;0.0026;8;0.006;0.0031;0.0021;0.0695
IR-0914;0.6;0.55;0.81;0.0045;0.005;0.1504;0.0051;36;0.0012;0.0014;6;0.008;0.0036;0.0037;0.0041
IR-0915;1.14;0.34;0.57;0.0061;0.012;0.8706;0.0053;5;0.0033;0.0031;7;0.009;0.0031;0.0047;0.0419
IR-0916;1.1;0.3;0.92;0.007;0.008;0.0936;0.0034;33;0.0029;0.0028;6;0.009;0.0016;0.0013;0.0873
IR-0917;0.23;0.43;0.19;0.0074;0.007;0.0566;0.0033;39;0.0037;0.0028;2;0.008;0.004;0.0018;0.0992
IR-0918;1.11;0.82;0.38;0.0058;0.013;0.6226;0.0041;39;0.0013;0.0009;6;0.008;0.004;0.0027;0.0934
IR-0919;0.69;0.56;0.73;0.0064;0.011;0.954;0.0054;12;0.002;0.0024;6;0.006;0.0021;0.0015;0.0683
IR-0920;0.76;0.26;0.1;0.0065;0.006;0.762;0.0047;33;0.0003;0.0022;4;0.009;0.0022;0.0025;0.0586
IR-0921;0.64;0.51;0.47;0.0024;0.006;0.6969;0.0031;36;0.0032;0.0031;1;0.005;0.004;0.0026;0.0952
IR-0922;0.42;0.43;0.57;0.0063;0.01;0.8572;0.0054;49;0.0013;0.0023;1;0.006;0.0044;0.0007;0.0219
IR-0923;1.07;0.54;0.2;0.0039;0.01;0.3995;0.0036;11;0.0021;0.0006;3;0.008;0.0017;0.0007;0.02
IR-0924;0.79;0.38;0.28;0.0069;0.008;0.6748;0.0053;5;0.0022;0.0023;1;0.008;0.0029;0.0018;0.0899
IR-0925;0.63;0.46;0.97;0.0056;0.011;0.4973;0.0049;29;0.0018;0.0017;3;0.008;0.0026;0.0013;0.097
IR-0926;0.13;0.88;0.54;0.0076;0.009;0.8239;0.0039;18;0.0024;0.0035;6;0.005;0.0048;0.002;0.0256
IR-0927;0.34;0.25;0.12;0.0023;0.01;0.0733;0.0051;27;0.0035;0.0032;1;0.008;0.0043;0.0005;0.0977
IR-0928;0.55;0.54;0.63;0.0051;0.01;0.9876;0.005;47;0.002;0.002;7;0.009;0.0029;0.0046;0.0216
IR-0929;0.27;0.86;0.68;0.0046;0.005;0.5054;0.0036;16;0.0004;0.0025;6;0.009;0.0007;0.0036;0.0677
IR-0930;0.43;0.38;0.65;0.0095;0.013;0.7156;0.0051;28;0.0038;0.0018;4;0.007;0.0015;0.0027;0.0868
IR-0931;0.42;0.72;0.31;0.002;0.006;0.4487;0.0033;20;0.0031;0.0027;2;0.005;0.0042;0.0045;0.0601
IR-0932;1.03;0.24;0.23;0.0041;0.01;0.0397;0.0045;44;0.0015;0.0014;2;0.009;0.0022;0.0025;0.0862
IR-0933;1.02;0.27;0.85;0.0097;0.01;0.7636;0.0052;21;0.0034;0.0014;2;0.008;0.0029;0.0024;0.0355
IR-0934;0.15;0.29;0.17;0.0088;0.007;0.611;0.0033;31;0.0018;0.0015;2;0.009;0.0011;0.0011;0.0368
IR-0935;0.2;0.72;0.89;0.0035;0.008;0.7464;0.0049;23;0.0007;0.0014;2;0.005;0.0042;0.0015;0.0061
IR-0936;0.71;0.36;0.82;0.0034;0.005;0.954;0.0048;19;0.0009;0.0018;7;0.006;0.0026;0.0011;0.0155
IR-0937;0.58;0.61;0.88;0.0021;0.005;0.3256;0.0035;36;0.0011;0.0007;4;0.008;0.0042;0.0015;0.0337
IR-0938;0.21;0.74;0.34;0.0051;0.008;0.8046;0.0053;32;0.0007;0.0023;7;0.005;0.0014;0.0017;0.0349
IR-0939;0.91;0.49;0.43;0.0079;0.007;0.8888;0.0046;22;0.0009;0.0006;1;0.005;0.0037;0.0034;0.0999
IR-0940;0.14;0.49;0.3;0.0068;0.005;0.1571;0.0039;34;0.0005;0.0014;1;0.006;0.0019;0.0047;0.0912
IR-0941;0.88;0.74;0.37;0.0048;0.012;0.6898;0.0042;48;0.0014;0.0032;5;0.005;0.0038;0.0039;0.0652
IR-0942;0.45;0.58;0.96;0.0032;0.007;0.8269;0.003;20;0.0017;0.0032;4;0.006;0.0008;0.0046;0.0296
IR-0943;1.12;0.82;0.93;0.0049;0.01;0.152;0.0046;13;0.0014;0.0022;1;0.007;0.0038;0.0035;0.059
IR-0944;1.01;0.61;0.34;0.0065;0.01;0.482;0.0035;32;0.0031;0.0008;7;0.008;0.0031;0.0031;0.0648
IR-0945;0.24;0.83;0.33;0.0076;0.012;0.758;0.0036;33;0.0031;0.0033;1;0.006;0.0013;0.0012;0.08
IR-0946;0.45;0.75;0.55;0.0082;0.014;0.903;0.0044;25;0.0021;0.0033;1;0.006;0.0041;0.0011;0.0011
IR-0947;0.77;0.51;0.67;0.0098;0.014;0.5897;0.0035;27;0.0035;0.0035;4;0.006;0.0034;0.0022;0.0981
IR-0948;0.73;0.6;0.21;0.0043;0.005;0.7447;0.0041;38;0.0028;0.0012;4;0.008;0.003;0.0045;0.003
IR-0949;0.43;0.81;0.79;0.002;0.01;0.8984;0.0042;46;0.0004;0.0031;2;0.006;0.0016;0.0028;0.0016
IR-0950;0.39;0.43;0.46;0.0084;0.007;0.2891;0.0045;9;0.0024;0.0014;3;0.006;0.0039;0.0038;0.046
IR-0951;0.71;0.63;0.54;0.0052;0.014;0.0232;0.0042;44;0.001;0.0012;2;0.008;0.0026;0.0014;0.0562
IR-0952;0.62;0.2;0.82;0.0062;0.007;0.7728;0.0043;15;0.0006;0.0012;2;0.005;0.0039;0.002;0.0217
IR-0953;1.05;0.51;0.32;0.0023;0.012;0.5651;0.0051;30;0.003;0.0012;8;0.008;0.004;0.0014;0.0085
IR-0954;0.24;0.55;0.62;0.0046;0.013;0.5397;0.0038;13;0.0008;0.0016;3;0.009;0.0016;0.0021;0.0607
IR-0955;0.97;0.83;0.47;0.003;0.011;0.5717;0.0036;12;0.0015;0.0008;7;0.006;0.0026;0.0009;0.0047
IR-0956;0.13;0.24;0.59;0.0062;0.007;0.9877;0.0051;37;0.0003;0.0033;5;0.005;0.0016;0.0024;0.0998
IR-0957;1.02;0.79;0.89;0.0073;0.01;0.1637;0.0044;36;0.0031;0.0019;7;0.009;0.0035;0.0017;0.0423
IR-0958;0.93;0.4;0.58;0.0021;0.014;0.3124;0.004;43;0.0018;0.003;1;0.008;0.0037;0.0049;0.0247
IR-0959;0.85;0.66;0.67;0.0098;0.008;0.87;0.0031;33;0.0037;0.0034;7;0.006;0.0015;0.004;0.0212
IR-0960;0.57;0.37;0.37;0.0055;0.013;0.9014;0.0044;26;0.0039;0.0029;6;0.007;0.0011;0.0032;0.0375
IR-0961;0.41;0.53;0.25;0.0062;0.013;0.3049;0.0032;41;0.0037;0.0036;5;0.009;0.0024;0.0049;0.0778
IR-0962;0.39;0.84;0.9;0.0044;0.009;0.7712;0.0033;38;0.0017;0.0023;3;0.006;0.0015;0.0034;0.033
IR-0963;0.22;0.44;0.14;0.0087;0.005;0.9157;0.003;37;0.0022;0.0008;1;0.007;0.0041;0.0019;0.0311
IR-0964;1.01;0.77;0.51;0.0025;0.01;0.0218;0.0053;44;0.0022;0.0019;4;0.007;0.0026;0.0036;0.0157
IR-0965;0.25;0.23;0.31;0.0086;0.006;0.5331;0.005;26;0.0038;0.0005;7;0.007;0.0037;0.0015;0.0497
IR-0966;0.83;0.5;0.38;0.0021;0.009;0.3034;0.0047;36;0.0036;0.0036;6;0.005;0.003;0.0031;0.0747
IR-0967;0.49;0.57;0.15;0.0031;0.01;0.0619;0.0038;17;0.0035;0.0031;7;0.005;0.0031;0.0041;0.0538
IR-0968;0.45;0.41;0.81;0.0043;0.012;0.2105;0.0044;36;0.0003;0.0007;4;0.007;0.0021;0.0048;0.0044
IR-0969;0.99;0.36;0.36;0.0034;0.011;0.2252;0.0039;34;0.003;0.0005;3;0.009;0.0048;0.003;0.0114
IR-0970;1.16;0.29;0.35;0.0082;0.013;0.7632;0.0034;18;0.0018;0.0031;3;0.006;0.0044;0.0025;0.0444
IR-0971;1.18;0.23;0.36;0.0072;0.009;0.5759;0.0044;46;0.0029;0.0009;1;0.007;0.0042;0.0013;0.0771
IR-0972;0.79;0.52;0.73;0.0087;0.01;0.3722;0.0044;4;0.0031;0.0014;7;0.008;0.0037;0.0038;0.0134
IR-0973;0.58;0.68;0.33;0.0076;0.007;0.9406;0.004;39;0.0033;0.0026;2;0.006;0.0027;0.0041;0.0666
IR-0974;0.13;0.36;0.95;0.0044;0.006;0.8762;0.0044;21;0.0008;0.0039;7;0.005;0.0037;0.0017;0.0119
IR-0975;0.86;0.87;0.58;0.0071;0.013;0.6486;0.0046;38;0.0037;0.0029;5;0.008;0.0017;0.0042;0.0119
IR-0976;0.55;0.58;0.23;0.0073;0.005;0.127;0.0044;29;0.0034;0.0035;2;0.005;0.0049;0.0033;0.0595
IR-0977;0.3;0.88;0.5;0.0023;0.005;0.5073;0.005;42;0.003;0.0034;2;0.009;0.0023;0.0032;0.0074
IR-0978;0.6;0.35;0.12;0.0082;0.006;0.2506;0.0054;6;0.0012;0.0012;5;0.007;0.0028;0.0008;0.0822
IR-0979;0.82;0.88;0.93;0.0064;0.005;0.1892;0.0044;25;0.0011;0.001;1;0.006;0.0032;0.0023;0.0073
IR-0980;0.21;0.3;0.35;0.0096;0.014;0.4752;0.0039;38;0.0027;0.0033;1;0.008;0.0011;0.0037;0.0778
IR-0981;1.16;0.56;0.97;0.005;0.012;0.0484;0.0036;35;0.0024;0.0034;2;0.009;0.0036;0.0042;0.0926
IR-0982;0.33;0.4;0.49;0.0027;0.006;0.5296;0.0036;45;0.0038;0.0009;6;0.007;0.004;0.0019;0.0148
IR-0983;0.21;0.57;0.48;0.0075;0.009;0.8164;0.0054;13;0.0026;0.0005;7;0.005;0.0012;0.001;0.068
IR-0984;0.23;0.22;0.63;0.0033;0.013;0.5978;0.003;11;0.0016;0.0009;6;0.008;0.0024;0.0035;0.0902
IR-0985;0.23;0.51;0.43;0.0094;0.011;0.6981;0.0039;10;0.0022;0.0014;3;0.005;0.0043;0.0031;0.0799
IR-0986;0.46;0.37;0.68;0.0044;0.005;0.0167;0.0036;23;0.0015;0.0028;6;0.009;0.0016;0.0009;0.048
IR-0987;0.53;0.31;0.63;0.0062;0.012;0.7152;0.004;42;0.0012;0.0022;1;0.005;0.0033;0.0032;0.0159
IR-0988;0.2;0.28;0.59;0.009;0.006;0.3008;0.0049;5;0.0022;0.0022;3;0.007;0.0005;0.0012;0.07
IR-0989;0.28;0.56;0.56;0.0049;0.012;0.2453;0.0035;16;0.0023;0.0022;3;0.006;0.0036;0.0017;0.0508
IR-0990;0.78;0.86;0.71;0.008;0.014;0.7374;0.0044;20;0.0019;0.0036;5;0.009;0.0041;0.0038;0.0221
IR-0991;0.47;0.77;0.11;0.0042;0.006;0.0534;0.0038;47;0.0006;0.0027;7;0.005;0.0049;0.0033;0.0474
IR-0992;0.77;0.61;0.86;0.0037;0.013;0.3009;0.0046;39;0.002;0.0037;8;0.006;0.0044;0.0019;0.0838
IR-0993;0.89;0.58;0.45;0.0093;0.013;0.159;0.0049;13;0.0011;0.0028;4;0.008;0.0025;0.0035;0.0284
IR-0994;1.13;0.78;0.41;0.0016;0.01;0.704;0.0038;27;0.0028;0.0034;3;0.007;0.0018;0.0016;0.0195
IR-0995;0.96;0.5;0.21;0.0028;0.006;0.5095;0.0042;31;0.0028;0.0026;7;0.008;0.0049;0.0039;0.0963
IR-0996;0.34;0.79;0.91;0.0082;0.01;0.6481;0.0037;36;0.0024;0.0034;6;0.009;0.0035;0.0018;0.071
IR-0997;0.37;0.67;0.79;0.0041;0.013;0.9138;0.0045;9;0.0023;0.0016;6;0.005;0.001;0.0038;0.0907
IR-0998;0.15;0.77;0.45;0.0022;0.005;0.9149;0.0037;14;0.0003;0.0034;8;0.006;0.0035;0.0012;0.0923
IR-0999;0.51;0.8;0.79;0.0063;0.007;0.9474;0.004;10;0.0029;0.0017;1;0.007;0.0036;0.0032;0.0931
